Product,Handle,Source file (Dropbox / CANVA = old website),New filename,Status,Note
Banksia Serrata,banksia-serrata,Banksia Serrata.jpg,banksia-serrata.jpg,✅ OK,
Banksia Serrata,banksia-serrata,IMG_2072 3.heic,banksia-serrata-2.jpg,✅ OK,
You Can Rain On Me,you-can-rain-on-me,Rain on Me.jpg,you-can-rain-on-me.jpg,✅ OK,
We Are The Stars (Yellow),we-are-the-stars-yellow,IMG_3051 2.heic,we-are-the-stars-yellow.jpg,✅ OK,Yellow birds on black; series colour guessed from image
We Are The Stars (Green),we-are-the-stars-green,IMG_3049 2.heic,we-are-the-stars-green.jpg,✅ OK,Green birds on black
We Are The Stars (Purple),we-are-the-stars-purple,IMG_3048 2.heic,we-are-the-stars-purple.jpg,✅ OK,Purple/pink birds on black
We Are The Stars (Red),we-are-the-stars-red,We Are The Stars 4.jpg,we-are-the-stars-red.jpg,✅ OK,"Red birds on black, file named 'We Are The Stars 4'"
A Poem With AI,a-poem-with-ai,A poem with AI collab.jpg,a-poem-with-ai.jpg,✅ OK,
We Are The Stars,we-are-the-stars,We Are The Stars.jpg,we-are-the-stars.jpg,✅ OK,
We Are The Stars,we-are-the-stars,We Are The Stars gallery pic.jpg,we-are-the-stars-2.jpg,✅ OK,
We Are The Stars,we-are-the-stars,IMG_2913 5.heic,we-are-the-stars-3.jpg,✅ OK,
We Are The Stars,we-are-the-stars,IMG_2923.jpg,we-are-the-stars-4.jpg,✅ OK,
I Promise This Is The Last One,i-promise-its-the-last-one,IMG_1569.heic,i-promise-its-the-last-one.jpg,✅ OK,Text on painting reads 'I promise this is the last one'
I Promise This Is The Last One,i-promise-its-the-last-one,IMG_1573.HEIC,i-promise-its-the-last-one-2.jpg,✅ OK,
Banksia x Two,banksia-x-two,Banksia Two.jpg,banksia-x-two.jpg,✅ OK,
Banksia Monstera,banksia-monstera,Banksia Monstera.jpg,banksia-monstera.jpg,✅ OK,
Banksia 3,banksia-3,Banksia Blue.jpg,banksia-3.jpg,✅ OK,"Confirmed via old website: 30x30 Banksia series (Green, Blue, x Two, Monstera)"
Banksia Green,banksia-green,Banksia Green.jpg,banksia-green.jpg,✅ OK,
Berry Me (Red),berry-me-red,Berry Me Red.heic,berry-me-red.jpg,✅ OK,
Berry Me (Purple),berry-me-purple,Berry Me Purple.heic,berry-me-purple.jpg,✅ OK,
Berry Me (Green),berry-me-green,Berry Me Green.heic,berry-me-green.jpg,✅ OK,
She's So Ambitious,shes-so-ambitious,She's So Ambiticous.PNG,shes-so-ambitious.jpg,✅ OK,2nd image = room mock-up
She's So Ambitious,shes-so-ambitious,IMG_3244 2.jpg,shes-so-ambitious-2.jpg,✅ OK,
Yellow Banksia,yellow-banksia,Banksia Yellow.heic,yellow-banksia.jpg,✅ OK,
Oysters,oysters,Oysters.jpg,oysters.jpg,✅ OK,
Landscape Drip,landscape-drip,Landscape Drip.jpg,landscape-drip.jpg,✅ OK,
Dinner at #94,dinner-at-94,Dinner at #94.heic,dinner-at-94.jpg,✅ OK,
Dinner at #94,dinner-at-94,IMG_1140 2.HEIC,dinner-at-94-2.jpg,✅ OK,
Morning,morning,First Light.heic,morning.jpg,✅ OK,"Old website calls it 'First Light, 30x30, $250' (sheet: Morning 35x35 $200)"
Last Star,last-star,First Star.heic,last-star.jpg,✅ OK,File named 'First Star'
Banksia Aemula,banksia-aemula,Banksia Aemula.jpg,banksia-aemula.jpg,✅ OK,
Banksia Aemula,banksia-aemula,Banksia Aemula cropped.jpg,banksia-aemula-2.jpg,✅ OK,
Banksia Aemula,banksia-aemula,IMG_2166 2.JPG,banksia-aemula-3.jpg,✅ OK,
Everyone Loves Lemons,everyone-loves-lemons,Everyone Loves Lemons.heic,everyone-loves-lemons.jpg,✅ OK,
Everyone Loves Limes,everyone-loves-limes,Everyone Loves Limes.jpg,everyone-loves-limes.jpg,✅ OK,
Night Birds,night-birds,Stars.jpg,night-birds.jpg,✅ OK,"Confirmed via old website: 'Night Birds 2, 30x40, $180'"
"Sophia, Billy and The Eggs",sophia-billy-and-the-eggs,"Sophia, Billy and the eggs.jpg",sophia-billy-and-the-eggs.jpg,✅ OK,
Pink Bits,pink-bits,Pink Bits.jpg,pink-bits.jpg,✅ OK,
Orchid,orchid,Orchid G T.jpg,orchid.jpg,✅ OK,Confirmed by user
Orchid 2,orchid-2,Orchid G.jpg,orchid-2.jpg,✅ OK,Confirmed by user
She's So Pretty,shes-so-pretty,She's So Pretty.jpg,shes-so-pretty.jpg,✅ OK,
Blue Stamen,blue-stamen,Blue Stamen.jpg,blue-stamen.jpg,✅ OK,
Ghost Gum,ghost-gum,CANVA Ghost Gum.jpg,ghost-gum.jpg,✅ OK,From old website (painting says GHOST GUM)
Pink Banksia for Lou,pink-banksia,IMG_3247 2.jpg,pink-banksia.jpg,✅ OK,"Confirmed via old website: 'Pink Banksia for Lou, commissioned'"
Pink Banksia for Lou,pink-banksia,IMG_3245 2.jpg,pink-banksia-2.jpg,✅ OK,
Flock Me,flock-me,Kylie Washington. Magnetic Horizon. Painting.jpg,flock-me.jpg,✅ OK,Confirmed via old website caption 'Flock Me 45x38'
Purple,purple,Black Currant.jpg,purple.jpg,✅ OK,Purple 33x33 painting in old website SOLD grid; Dropbox name 'Black Currant'
Green Spray,green-spray,CANVA green 33x33 sold grid.jpg,green-spray.jpg,✅ OK,Green-framed 33x33 painting in old website SOLD grid
Sunset Field,sunset-field,Sunset Field.jpg,sunset-field.jpg,✅ OK,'Fields and Fields.jpg' is the same image
Mandarin Bowl,mandarin-bowl,Mandarin Bowl.jpg,mandarin-bowl.jpg,✅ OK,
Colour Studies,colour-studies,4 colour studies.jpg,colour-studies.jpg,✅ OK,
Waratahs,waratahs,Waratah.jpg,waratahs.jpg,✅ OK,"File 'Waratah'. NOTE: old website shows this one in a SOLD grid. Alternatives: 'Waratah with Frame.jpg', IMG_2797"
Dusk Flowers,dusk-flowers,Dusk Flowers.jpg,dusk-flowers.jpg,✅ OK,
Tulip,tulip,Tulip.jpg,tulip.jpg,✅ OK,
Jack and the Bean Stalk,jack-and-the-bean-stalk,Jack and the Bean Stalk.jpg,jack-and-the-bean-stalk.jpg,✅ OK,
StarStruck,starstruck,Starstruck.jpg,starstruck.jpg,✅ OK,
Oranges,oranges,Oranges.jpg,oranges.jpg,✅ OK,
Two Pears In A Pod,two-pears-in-a-pod,Two Pears in a Pod.jpg,two-pears-in-a-pod.jpg,✅ OK,
Two Pears In A Pod,two-pears-in-a-pod,IMG_1098.heic,two-pears-in-a-pod-2.jpg,✅ OK,
Sisters,sisters,Sisters.jpg,sisters.jpg,✅ OK,
Banksia,banksia,Banksia.jpg,banksia.jpg,✅ OK,Long blue banksia + room mock-up
Banksia,banksia,IMG_3109 2.jpg,banksia-2.jpg,✅ OK,
The Road Out,the-road-out,The Road Out.jpg,the-road-out.jpg,✅ OK,
The Road Out,the-road-out,IMG_4105.heic,the-road-out-2.jpg,✅ OK,
Wattle,wattle,Wattle.jpg,wattle.jpg,✅ OK,
Grevillea,grevillea,Greveliia.jpg,grevillea.jpg,✅ OK,
Red Protea,red-protea,Red Protea.jpg,red-protea.jpg,✅ OK,
She's Got Such A Sunny Disposition,shes-got-such-a-sunny-disposition,She's Got Such a Sunny Disposition.jpeg,shes-got-such-a-sunny-disposition.jpg,✅ OK,
She's Got Such A Sunny Disposition,shes-got-such-a-sunny-disposition,IMG_3297.jpg,shes-got-such-a-sunny-disposition-2.jpg,✅ OK,
Waratah In Lounge,waratah-in-lounge,CANVA Waratah straight-on.jpg,waratah-in-lounge.jpg,✅ OK,"Main image from old website (Waratah 107x90, black frame)"
Waratah In Lounge,waratah-in-lounge,Waratah in lounge.jpeg,waratah-in-lounge-2.jpg,✅ OK,
Dusk Protea,dusk-protea-fine-art-print,Dusk Protea in lounge room.PNG,dusk-protea-fine-art-print.jpg,✅ OK,Print (room mock-up)
Moonlight Banksia,moonlight-banksia-fine-art-print,Moonlight Banksia.JPG,moonlight-banksia-fine-art-print.jpg,✅ OK,Print
Pining,pining-fine-art-print,Pining.JPG,pining-fine-art-print.jpg,✅ OK,Print
Queen of the Slipstream,queen-of-the-slipstream-fine-art-print,Queen of the Slipstream.JPG,queen-of-the-slipstream-fine-art-print.jpg,✅ OK,Print
Wattle Me,wattle-me-fine-art-print,Wattle Me.JPG,wattle-me-fine-art-print.jpg,✅ OK,Print
Night Spawning,night-spawning-fine-art-print,night_spawning 2.PNG,night-spawning-fine-art-print.jpg,✅ OK,Print
Not How I Was Feeling,not-how-i-was-feeling-fine-art-print,not_how_i_was_feeling 2.JPG,not-how-i-was-feeling-fine-art-print.jpg,✅ OK,Print; IMG_2171 is the same image
Pink Waratah,pink-waratah,,,❌ NO IMAGE,
,,Amplified Heart.jpg,,❓ UNMATCHED FILE,Not in product list
,,Protea Ink.jpg,,❓ UNMATCHED FILE,Not in product list
,,IMG_1582.heic,,❓ UNMATCHED FILE,"Old website: 'Banksia Pods, 30x40, sold' (not in sheet). 3 banksia pods with text 'Banksia pods represent resilience and renewal... Rising from the ash' (2026). Not identified"
,,IMG_1126.HEIC,,❓ UNMATCHED FILE,"Bowl of lemons on red gingham. Not identified (old site has 'Greek Lover and Her Lemons', a different painting)"
,,IMG_1096.heic,,❓ UNMATCHED FILE,Oysters with lemons on teal (different from 'Oysters.jpg'). Not identified
,,IMG_2612.JPG,,❓ UNMATCHED FILE,"Digital collage: flowers in terracotta bowl. Probably a print, not identified"
,,IMG_2797 3.HEIC,,❓ UNMATCHED FILE,Waratah in vase on green. Not identified
,,Waratah with Frame.jpg,,❓ UNMATCHED FILE,'WARATAH' painting. Which product?
,,IMG_8604.HEIC,,❓ UNMATCHED FILE,"Printed curtains. Licensing page, not a product"
,,Sculpture/ (21 files),,❓ UNMATCHED FILE,Sculpture: 'Crosses'. No products for this yet
