Product,Handle,Source file,New filename,Status,Note
Dusk Protea,dusk-protea-fine-art-print,Dusk Protea.JPG,dusk-protea-fine-art-print-2.jpg,✅ OK,Straight-on print; room mock-up already uploaded
Dusk Protea,dusk-protea-fine-art-print,IMG_0289 3.JPG,dusk-protea-fine-art-print-3.jpg,✅ OK,
I'll Leave The Light On,ill-leave-the-light-on-fine-art-print,I'll Leave the Light On.JPG,ill-leave-the-light-on-fine-art-print.jpg,✅ OK,
I'll Leave The Light On,ill-leave-the-light-on-fine-art-print,IMG_0295 3.JPG,ill-leave-the-light-on-fine-art-print-2.jpg,✅ OK,
Slipstreaming,slipstreaming-fine-art-print,IMG_0293 3.JPG,slipstreaming-fine-art-print.jpg,⚠️ CHECK,"Unnamed file: blue birds on wave lines, similar to Queen of the Slipstream"
Cordelia Shadows,cordelia-shadows-fine-art-print,IMG_0262.JPG,cordelia-shadows-fine-art-print.jpg,✅ OK,Confirmed via old website 'Cordelia Shadows'
Ferning,ferning-fine-art-print,Ferning.JPG,ferning-fine-art-print.jpg,✅ OK,
Etching 1,etching-1-fine-art-print,Etched 1.jpg,etching-1-fine-art-print.jpg,✅ OK,
Etching 2,etching-2-fine-art-print,Etched_2.jpeg,etching-2-fine-art-print.jpg,✅ OK,
Blood on the Table,blood-on-the-table-fine-art-print,Blood_On_The_Table.jpg,blood-on-the-table-fine-art-print.jpg,✅ OK,
Banksia Typography,banksia-typography-fine-art-print,Banksia Typography .jpg,banksia-typography-fine-art-print.jpg,✅ OK,
Vessel,vessel-fine-art-print,Vessel.jpg,vessel-fine-art-print.jpg,✅ OK,
Underwater Roll,underwater-roll-fine-art-print,Underwater Roll.jpg,underwater-roll-fine-art-print.jpg,✅ OK,
Turn Lights On Pink,turn-lights-on-pink-fine-art-print,Turn_Lights_On_Criss_Cross.jpg,turn-lights-on-pink-fine-art-print.jpg,✅ OK,Old website: 'You Turn My Lights On (Brighter)'
Turn Lights On Red,turn-lights-on-red-fine-art-print,Turn_Lights_On_Criss_Cross red.jpg,turn-lights-on-red-fine-art-print.jpg,✅ OK,
Tripdick 1,tripdick-1-fine-art-print,Tripdick1.jpg,tripdick-1-fine-art-print.jpg,✅ OK,
Tripdick 2,tripdick-2-fine-art-print,Tripdick2.jpg,tripdick-2-fine-art-print.jpg,✅ OK,
Tripdick 3,tripdick-3-fine-art-print,Tripdick3.jpg,tripdick-3-fine-art-print.jpg,✅ OK,
Dinner,dinner-fine-art-print,The_Dinner_Table.jpg,dinner-fine-art-print.jpg,✅ OK,
The Chosen One,the-chosen-one-fine-art-print,The_Chosen_One.jpg,the-chosen-one-fine-art-print.jpg,✅ OK,
Starry Ghosts,starry-ghosts-fine-art-print,Starry_Ghost.jpg,starry-ghosts-fine-art-print.jpg,✅ OK,
Smoky Amber,smoky-amber-fine-art-print,Smoky.jpg,smoky-amber-fine-art-print.jpg,✅ OK,
Shadow Light Tips,shadow-light-tips-fine-art-print,Shadow_Light_Tips.jpg,shadow-light-tips-fine-art-print.jpg,✅ OK,
Red Light District Gum,red-light-district-gum-fine-art-print,Red_Light_District_Gum.jpg,red-light-district-gum-fine-art-print.jpg,✅ OK,
Rays,rays-fine-art-print,Rays.jpg,rays-fine-art-print.jpg,✅ OK,
Orchid Cut,orchid-cut-fine-art-print,Orchid_Cut.jpg,orchid-cut-fine-art-print.jpg,✅ OK,
Milk Blossom,milk-blossom-fine-art-print,Milk_Blossom.jpg,milk-blossom-fine-art-print.jpg,✅ OK,
Magnolia,magnolia-fine-art-print,Madnolia.jpg,magnolia-fine-art-print.jpg,✅ OK,File and old website both say 'Madnolia'
Light Touch Lily,light-touch-lily-fine-art-print,Light_Touch.jpg,light-touch-lily-fine-art-print.jpg,✅ OK,
Home Is Where The Heart Is,home-is-where-the-heart-is-fine-art-print,Home_Is_Where_The_Heart_Is.jpg,home-is-where-the-heart-is-fine-art-print.jpg,✅ OK,
Gummy Bear,gummy-bear-fine-art-print,Gummy Bear.jpg,gummy-bear-fine-art-print.jpg,✅ OK,
Grevillea Spinning,grevillea-spinning-fine-art-print,Grevillea Starlight.jpg,grevillea-spinning-fine-art-print.jpg,⚠️ CHECK,No file named 'Grevillea Spinning'. Closest: 'Grevillea Starlight'
Glory Fingers,glory-fingers-fine-art-print,Glory_Fingers (1).jpg,glory-fingers-fine-art-print.jpg,✅ OK,
From The Darkness Comes Light,from-the-darkness-comes-light-fine-art-print,From_The_Darkness_There_Comes_Light.jpg,from-the-darkness-comes-light-fine-art-print.jpg,✅ OK,
Everyone Loves Limes,everyone-loves-limes-fine-art-print,Everyone_Loves_Limes .jpg,everyone-loves-limes-fine-art-print.jpg,✅ OK,
Everyone Loves Lemons,everyone-loves-lemons-fine-art-print,Everyone_Loves_Lemons.jpg,everyone-loves-lemons-fine-art-print.jpg,✅ OK,
Centre Point,centre-point-fine-art-print,CenterPoint.jpg,centre-point-fine-art-print.jpg,✅ OK,
Noose Around Her Neck,noose-around-her-neck-fine-art-print,A_Noose_Around_Her_Neck.jpg,noose-around-her-neck-fine-art-print.jpg,✅ OK,
Orchid,orchid-fine-art-print,Orchid G T.jpg,orchid-fine-art-print.jpg,⚠️ CHECK,Same image as the 'Orchid' original (Orchid G T). Prints folder also has 'Orchid G'
Blushing,blushing-fine-art-print,Blushing.jpg,blushing-fine-art-print.jpg,✅ OK,
Spinning Me Around,spinning-me-around-fine-art-print,CANVA Spinning Me Around.jpg,spinning-me-around-fine-art-print.jpg,✅ OK,From old website (caption 'Spinning Me Around')
Wattle Me,wattle-me-fine-art-print,(already uploaded),wattle-me-fine-art-print.jpg,✅ DONE,
Queen of the Slipstream,queen-of-the-slipstream-fine-art-print,(already uploaded),queen-of-the-slipstream-fine-art-print.jpg,✅ DONE,
Pining,pining-fine-art-print,(already uploaded),pining-fine-art-print.jpg,✅ DONE,
Moonlight Banksia,moonlight-banksia-fine-art-print,(already uploaded),moonlight-banksia-fine-art-print.jpg,✅ DONE,
Night Spawning,night-spawning-fine-art-print,(already uploaded),night-spawning-fine-art-print.jpg,✅ DONE,
Not How I Was Feeling,not-how-i-was-feeling-fine-art-print,(already uploaded),not-how-i-was-feeling-fine-art-print.jpg,✅ DONE,
Tips,tips-fine-art-print,,,❌ NO IMAGE,"Candidates: Phallic_Tops_Resize.jpg? Old website has ""Lips and Tips"""
,,4.8.18.jpg,,❓ NOT IN PRINT LIST,
,,Anthrium Lips.jpg,,❓ NOT IN PRINT LIST,
,,Arrow.jpg,,❓ NOT IN PRINT LIST,
,,Banksia Fire.jpg,,❓ NOT IN PRINT LIST,
,,Banksia_Night.jpg,,❓ NOT IN PRINT LIST,
,,Berry_Me_Green.jpg,,❓ NOT IN PRINT LIST,
,,Berry_Me_Purple.jpg,,❓ NOT IN PRINT LIST,
,,Berry_Me_Red.jpg,,❓ NOT IN PRINT LIST,
,,Bomb.jpg,,❓ NOT IN PRINT LIST,
,,Botanical_PRIDE.jpg,,❓ NOT IN PRINT LIST,
,,Bright Spark.jpg,,❓ NOT IN PRINT LIST,
,,Bubble_Gum_Nut.jpg,,❓ NOT IN PRINT LIST,
,,Cavity.jpg,,❓ NOT IN PRINT LIST,
,,Dewey.jpg,,❓ NOT IN PRINT LIST,
,,Dewey2.jpg,,❓ NOT IN PRINT LIST,
,,Dick_Pic.jpg,,❓ NOT IN PRINT LIST,
,,Dusty Moon.jpg,,❓ NOT IN PRINT LIST,
,,Flocking.jpg,,❓ NOT IN PRINT LIST,
,,Fuck You Love You.jpg,,❓ NOT IN PRINT LIST,
,,Green.jpg,,❓ NOT IN PRINT LIST,
,,Green_With_Envy.jpg,,❓ NOT IN PRINT LIST,
,,Gum_Powder.jpg,,❓ NOT IN PRINT LIST,
,,Hurts_Me_Hard.jpg,,❓ NOT IN PRINT LIST,
,,I Sea.jpg,,❓ NOT IN PRINT LIST,
,,IMG_0258 3.JPG,,❓ NOT IN PRINT LIST,
,,IMG_0291 3.JPG,,❓ NOT IN PRINT LIST,
,,IMG_0292 3.JPG,,❓ NOT IN PRINT LIST,
,,IMG_0516.JPG,,❓ NOT IN PRINT LIST,
,,IMG_2709.JPG,,❓ NOT IN PRINT LIST,
,,KingS.jpg,,❓ NOT IN PRINT LIST,
,,Lense2.jpg,,❓ NOT IN PRINT LIST,
,,Lost in the Bewilderness clearer font.jpg,,❓ NOT IN PRINT LIST,
,,Magenta_Me_Softly.jpg,,❓ NOT IN PRINT LIST,
,,Night_Spawning.jpg,,❓ NOT IN PRINT LIST,
,,Orchid G.jpg,,❓ NOT IN PRINT LIST,
,,Pastel_King.jpg,,❓ NOT IN PRINT LIST,
,,Phallic_Tops_Resize.jpg,,❓ NOT IN PRINT LIST,
,,Pom_Pom.jpg,,❓ NOT IN PRINT LIST,
,,Protea King.jpg,,❓ NOT IN PRINT LIST,
,,Protea_Jellyfish.jpg,,❓ NOT IN PRINT LIST,
,,She's_A_Starfish.jpg,,❓ NOT IN PRINT LIST,
,,Strings_Attached.jpg,,❓ NOT IN PRINT LIST,
,,Suc-cu-lents.jpg,,❓ NOT IN PRINT LIST,
,,Suck.It.In.jpg,,❓ NOT IN PRINT LIST,
,,TV Whore Cinderella.JPG,,❓ NOT IN PRINT LIST,
,,TV Whore Tools of the Trade.JPG,,❓ NOT IN PRINT LIST,
,,TV Whore.JPG,,❓ NOT IN PRINT LIST,
,,V.alley (1).jpg,,❓ NOT IN PRINT LIST,
,,V.of.Death (1).jpg,,❓ NOT IN PRINT LIST,
,,Waratah_Flare (1).jpg,,❓ NOT IN PRINT LIST,
,,Wreath_Me.jpg,,❓ NOT IN PRINT LIST,
,,Xx.jpg,,❓ NOT IN PRINT LIST,
