Handle,Title,Body (HTML),Vendor,Product Category,Type,Tags,Published,Option1 Name,Option1 Value,Variant SKU,Variant Grams,Variant Inventory Tracker,Variant Inventory Qty,Variant Inventory Policy,Variant Fulfillment Service,Variant Price,Variant Compare At Price,Variant Requires Shipping,Variant Taxable,Variant Barcode,Image Src,Image Position,Image Alt Text,Gift Card,SEO Title,SEO Description,Variant Weight Unit,Status,Year (product.metafields.custom.custom_year),Medium (product.metafields.custom.custom_medium),Dimensions (product.metafields.custom.custom_dimensions),Framing (product.metafields.custom.custom_framing)
wattle-me-fine-art-print,Wattle Me,"<p>A playful, golden celebration of wattle, Australia's national floral emblem and one of the first plants to return after fire.</p><p>Created from Kylie Washington's original artwork, each fine art print captures the colour, texture and expressive energy of the original work. Printed in Australia on museum-grade fine art paper using archival inks, these high-quality prints are designed to retain their depth and vibrancy for years to come.</p><ul><li>Limited edition</li><li>Museum-grade fine art paper, archival inks</li><li>Printed to standard A4, A3 or A2 paper sizes</li><li>Frame not included</li><li>Printed to order and usually dispatched within 14 days</li><li>Free shipping within Australia</li><li>Custom sizes available on request. Please enquire.</li></ul>",Kylie Washington,,Fine Art Print,"Fine Art Prints, Prints, Limited Edition, Shape: Rectangle, Subject: Wattle, Subject: Australian Flora, Colour: Yellow",FALSE,Size,A4 - 21 x 29.7 cm,KW-PR-001-A4,,,,continue,manual,80.00,,TRUE,TRUE,,https://cdn.shopify.com/s/files/1/0711/2769/5411/files/wattle-me-fine-art-print.jpg,1,"Wattle Me, fine art print by Kylie Washington",FALSE,Wattle Me | Limited Edition Fine Art Print by Kylie Washington,"Wattle Me, a limited edition fine art print by Australian artist Kylie Washington. Archival inks on museum-grade paper. Free shipping in Australia.",kg,draft,2026,Archival inks on museum-grade fine art paper,A4 / A3 / A2,Unframed
wattle-me-fine-art-print,,,,,,,,Size,A3 - 29.7 x 42 cm,KW-PR-001-A3,,,,continue,manual,120.00,,TRUE,TRUE,,,,,,,,kg,,,,,
wattle-me-fine-art-print,,,,,,,,Size,A2 - 42 x 59.4 cm,KW-PR-001-A2,,,,continue,manual,250.00,,TRUE,TRUE,,,,,,,,kg,,,,,
dusk-protea-fine-art-print,Dusk Protea,"<p>The sculptural protea caught in the soft, fading light of dusk.</p><p>Created from Kylie Washington's original artwork, each fine art print captures the colour, texture and expressive energy of the original work. Printed in Australia on museum-grade fine art paper using archival inks, these high-quality prints are designed to retain their depth and vibrancy for years to come.</p><ul><li>Limited edition</li><li>Museum-grade fine art paper, archival inks</li><li>Printed to standard A4, A3 or A2 paper sizes</li><li>Frame not included</li><li>Printed to order and usually dispatched within 14 days</li><li>Free shipping within Australia</li><li>Custom sizes available on request. Please enquire.</li></ul>",Kylie Washington,,Fine Art Print,"Fine Art Prints, Prints, Limited Edition, Shape: Rectangle, Subject: Protea, Subject: Botanical",FALSE,Size,A4 - 21 x 29.7 cm,KW-PR-002-A4,,,,continue,manual,80.00,,TRUE,TRUE,,https://cdn.shopify.com/s/files/1/0711/2769/5411/files/dusk-protea-fine-art-print-2.jpg,1,"Dusk Protea, fine art print by Kylie Washington",FALSE,Dusk Protea | Limited Edition Fine Art Print by Kylie Washington,"Dusk Protea, a limited edition fine art print by Australian artist Kylie Washington. Archival inks on museum-grade paper. Free shipping in Australia.",kg,draft,2026,Archival inks on museum-grade fine art paper,A4 / A3 / A2,Unframed
dusk-protea-fine-art-print,,,,,,,,Size,A3 - 29.7 x 42 cm,KW-PR-002-A3,,,,continue,manual,120.00,,TRUE,TRUE,,,,,,,,kg,,,,,
dusk-protea-fine-art-print,,,,,,,,Size,A2 - 42 x 59.4 cm,KW-PR-002-A2,,,,continue,manual,250.00,,TRUE,TRUE,,,,,,,,kg,,,,,
dusk-protea-fine-art-print,,,,,,,,,,,,,,,,,,,,,https://cdn.shopify.com/s/files/1/0711/2769/5411/files/dusk-protea-fine-art-print-3.jpg,2,"Dusk Protea, fine art print by Kylie Washington (view 2)",,,,,,,,,
dusk-protea-fine-art-print,,,,,,,,,,,,,,,,,,,,,https://cdn.shopify.com/s/files/1/0711/2769/5411/files/dusk-protea-fine-art-print.jpg,3,"Dusk Protea, fine art print by Kylie Washington (view 3)",,,,,,,,,
ill-leave-the-light-on-fine-art-print,I'll Leave The Light On,"<p>A warm, reassuring work about home, welcome and the light kept burning for someone you love.</p><p>Created from Kylie Washington's original artwork, each fine art print captures the colour, texture and expressive energy of the original work. Printed in Australia on museum-grade fine art paper using archival inks, these high-quality prints are designed to retain their depth and vibrancy for years to come.</p><ul><li>Limited edition</li><li>Museum-grade fine art paper, archival inks</li><li>Printed to standard A4, A3 or A2 paper sizes</li><li>Frame not included</li><li>Printed to order and usually dispatched within 14 days</li><li>Free shipping within Australia</li><li>Custom sizes available on request. Please enquire.</li></ul>",Kylie Washington,,Fine Art Print,"Fine Art Prints, Prints, Limited Edition, Shape: Rectangle",FALSE,Size,A4 - 21 x 29.7 cm,KW-PR-003-A4,,,,continue,manual,80.00,,TRUE,TRUE,,https://cdn.shopify.com/s/files/1/0711/2769/5411/files/ill-leave-the-light-on-fine-art-print.jpg,1,"I'll Leave The Light On, fine art print by Kylie Washington",FALSE,I'll Leave The Light On | Limited Edition Fine Art Print by Kylie Washington,"I'll Leave The Light On, a limited edition fine art print by Australian artist Kylie Washington. Archival inks on museum-grade paper. Free shipping in Australia.",kg,draft,2026,Archival inks on museum-grade fine art paper,A4 / A3 / A2,Unframed
ill-leave-the-light-on-fine-art-print,,,,,,,,Size,A3 - 29.7 x 42 cm,KW-PR-003-A3,,,,continue,manual,120.00,,TRUE,TRUE,,,,,,,,kg,,,,,
ill-leave-the-light-on-fine-art-print,,,,,,,,Size,A2 - 42 x 59.4 cm,KW-PR-003-A2,,,,continue,manual,250.00,,TRUE,TRUE,,,,,,,,kg,,,,,
ill-leave-the-light-on-fine-art-print,,,,,,,,,,,,,,,,,,,,,https://cdn.shopify.com/s/files/1/0711/2769/5411/files/ill-leave-the-light-on-fine-art-print-2.jpg,2,"I'll Leave The Light On, fine art print by Kylie Washington (view 2)",,,,,,,,,
slipstreaming-fine-art-print,Slipstreaming,"<p>A work about movement and momentum, and the currents that carry us forward.</p><p>Created from Kylie Washington's original artwork, each fine art print captures the colour, texture and expressive energy of the original work. Printed in Australia on museum-grade fine art paper using archival inks, these high-quality prints are designed to retain their depth and vibrancy for years to come.</p><ul><li>Limited edition</li><li>Museum-grade fine art paper, archival inks</li><li>Printed to standard A4, A3 or A2 paper sizes</li><li>Frame not included</li><li>Printed to order and usually dispatched within 14 days</li><li>Free shipping within Australia</li><li>Custom sizes available on request. Please enquire.</li></ul>",Kylie Washington,,Fine Art Print,"Fine Art Prints, Prints, Limited Edition, Shape: Rectangle",FALSE,Size,A4 - 21 x 29.7 cm,KW-PR-004-A4,,,,continue,manual,80.00,,TRUE,TRUE,,https://cdn.shopify.com/s/files/1/0711/2769/5411/files/slipstreaming-fine-art-print.jpg,1,"Slipstreaming, fine art print by Kylie Washington",FALSE,Slipstreaming | Limited Edition Fine Art Print by Kylie Washington,"Slipstreaming, a limited edition fine art print by Australian artist Kylie Washington. Archival inks on museum-grade paper. Free shipping in Australia.",kg,draft,2026,Archival inks on museum-grade fine art paper,A4 / A3 / A2,Unframed
slipstreaming-fine-art-print,,,,,,,,Size,A3 - 29.7 x 42 cm,KW-PR-004-A3,,,,continue,manual,120.00,,TRUE,TRUE,,,,,,,,kg,,,,,
slipstreaming-fine-art-print,,,,,,,,Size,A2 - 42 x 59.4 cm,KW-PR-004-A2,,,,continue,manual,250.00,,TRUE,TRUE,,,,,,,,kg,,,,,
cordelia-shadows-fine-art-print,Cordelia Shadows,"<p>An atmospheric work built on the interplay of light and shadow.</p><p>Created from Kylie Washington's original artwork, each fine art print captures the colour, texture and expressive energy of the original work. Printed in Australia on museum-grade fine art paper using archival inks, these high-quality prints are designed to retain their depth and vibrancy for years to come.</p><ul><li>Limited edition</li><li>Museum-grade fine art paper, archival inks</li><li>Printed to standard A4, A3 or A2 paper sizes</li><li>Frame not included</li><li>Printed to order and usually dispatched within 14 days</li><li>Free shipping within Australia</li><li>Custom sizes available on request. Please enquire.</li></ul>",Kylie Washington,,Fine Art Print,"Fine Art Prints, Prints, Limited Edition, Shape: Rectangle",FALSE,Size,A4 - 21 x 29.7 cm,KW-PR-005-A4,,,,continue,manual,80.00,,TRUE,TRUE,,https://cdn.shopify.com/s/files/1/0711/2769/5411/files/cordelia-shadows-fine-art-print.jpg,1,"Cordelia Shadows, fine art print by Kylie Washington",FALSE,Cordelia Shadows | Limited Edition Fine Art Print by Kylie Washington,"Cordelia Shadows, a limited edition fine art print by Australian artist Kylie Washington. Archival inks on museum-grade paper. Free shipping in Australia.",kg,draft,2026,Archival inks on museum-grade fine art paper,A4 / A3 / A2,Unframed
cordelia-shadows-fine-art-print,,,,,,,,Size,A3 - 29.7 x 42 cm,KW-PR-005-A3,,,,continue,manual,120.00,,TRUE,TRUE,,,,,,,,kg,,,,,
cordelia-shadows-fine-art-print,,,,,,,,Size,A2 - 42 x 59.4 cm,KW-PR-005-A2,,,,continue,manual,250.00,,TRUE,TRUE,,,,,,,,kg,,,,,
queen-of-the-slipstream-fine-art-print,Queen of the Slipstream,"<p>A confident work about riding the currents of change with grace and poise.</p><p>Created from Kylie Washington's original artwork, each fine art print captures the colour, texture and expressive energy of the original work. Printed in Australia on museum-grade fine art paper using archival inks, these high-quality prints are designed to retain their depth and vibrancy for years to come.</p><ul><li>Limited edition</li><li>Museum-grade fine art paper, archival inks</li><li>Printed to standard A4, A3 or A2 paper sizes</li><li>Frame not included</li><li>Printed to order and usually dispatched within 14 days</li><li>Free shipping within Australia</li><li>Custom sizes available on request. Please enquire.</li></ul>",Kylie Washington,,Fine Art Print,"Fine Art Prints, Prints, Limited Edition, Shape: Rectangle",FALSE,Size,A4 - 21 x 29.7 cm,KW-PR-006-A4,,,,continue,manual,80.00,,TRUE,TRUE,,https://cdn.shopify.com/s/files/1/0711/2769/5411/files/queen-of-the-slipstream-fine-art-print.jpg,1,"Queen of the Slipstream, fine art print by Kylie Washington",FALSE,Queen of the Slipstream | Limited Edition Fine Art Print by Kylie Washington,"Queen of the Slipstream, a limited edition fine art print by Australian artist Kylie Washington. Archival inks on museum-grade paper. Free shipping in Australia.",kg,draft,2026,Archival inks on museum-grade fine art paper,A4 / A3 / A2,Unframed
queen-of-the-slipstream-fine-art-print,,,,,,,,Size,A3 - 29.7 x 42 cm,KW-PR-006-A3,,,,continue,manual,120.00,,TRUE,TRUE,,,,,,,,kg,,,,,
queen-of-the-slipstream-fine-art-print,,,,,,,,Size,A2 - 42 x 59.4 cm,KW-PR-006-A2,,,,continue,manual,250.00,,TRUE,TRUE,,,,,,,,kg,,,,,
ferning-fine-art-print,Ferning,"<p>Inspired by unfurling fern fronds and the patterns of new growth.</p><p>Created from Kylie Washington's original artwork, each fine art print captures the colour, texture and expressive energy of the original work. Printed in Australia on museum-grade fine art paper using archival inks, these high-quality prints are designed to retain their depth and vibrancy for years to come.</p><ul><li>Limited edition</li><li>Museum-grade fine art paper, archival inks</li><li>Printed to standard A4, A3 or A2 paper sizes</li><li>Frame not included</li><li>Printed to order and usually dispatched within 14 days</li><li>Free shipping within Australia</li><li>Custom sizes available on request. Please enquire.</li></ul>",Kylie Washington,,Fine Art Print,"Fine Art Prints, Prints, Limited Edition, Shape: Rectangle, Subject: Botanical",FALSE,Size,A4 - 21 x 29.7 cm,KW-PR-007-A4,,,,continue,manual,80.00,,TRUE,TRUE,,https://cdn.shopify.com/s/files/1/0711/2769/5411/files/ferning-fine-art-print.jpg,1,"Ferning, fine art print by Kylie Washington",FALSE,Ferning | Limited Edition Fine Art Print by Kylie Washington,"Ferning, a limited edition fine art print by Australian artist Kylie Washington. Archival inks on museum-grade paper. Free shipping in Australia.",kg,draft,2026,Archival inks on museum-grade fine art paper,A4 / A3 / A2,Unframed
ferning-fine-art-print,,,,,,,,Size,A3 - 29.7 x 42 cm,KW-PR-007-A3,,,,continue,manual,120.00,,TRUE,TRUE,,,,,,,,kg,,,,,
ferning-fine-art-print,,,,,,,,Size,A2 - 42 x 59.4 cm,KW-PR-007-A2,,,,continue,manual,250.00,,TRUE,TRUE,,,,,,,,kg,,,,,
etching-1-fine-art-print,Etching 1,"<p>A study in line and texture, the first of a pair of works titled Etching.</p><p>Created from Kylie Washington's original artwork, each fine art print captures the colour, texture and expressive energy of the original work. Printed in Australia on museum-grade fine art paper using archival inks, these high-quality prints are designed to retain their depth and vibrancy for years to come.</p><ul><li>Limited edition</li><li>Museum-grade fine art paper, archival inks</li><li>Square print: 40 x 40 cm, 50 x 50 cm or 75 x 75 cm</li><li>Frame not included</li><li>Printed to order and usually dispatched within 14 days</li><li>Free shipping within Australia</li><li>Custom sizes available on request. Please enquire.</li></ul>",Kylie Washington,,Fine Art Print,"Fine Art Prints, Prints, Limited Edition, Shape: Square",FALSE,Size,Small - 40 x 40 cm,KW-PR-008-S,,,,continue,manual,80.00,,TRUE,TRUE,,https://cdn.shopify.com/s/files/1/0711/2769/5411/files/etching-1-fine-art-print.jpg,1,"Etching 1, fine art print by Kylie Washington",FALSE,Etching 1 | Limited Edition Fine Art Print by Kylie Washington,"Etching 1, a limited edition fine art print by Australian artist Kylie Washington. Archival inks on museum-grade paper. Free shipping in Australia.",kg,draft,2026,Archival inks on museum-grade fine art paper,40 x 40 cm / 50 x 50 cm / 75 x 75 cm,Unframed
etching-1-fine-art-print,,,,,,,,Size,Medium - 50 x 50 cm,KW-PR-008-M,,,,continue,manual,120.00,,TRUE,TRUE,,,,,,,,kg,,,,,
etching-1-fine-art-print,,,,,,,,Size,Large - 75 x 75 cm,KW-PR-008-L,,,,continue,manual,250.00,,TRUE,TRUE,,,,,,,,kg,,,,,
etching-2-fine-art-print,Etching 2,"<p>A study in line and texture, the second of a pair of works titled Etching.</p><p>Created from Kylie Washington's original artwork, each fine art print captures the colour, texture and expressive energy of the original work. Printed in Australia on museum-grade fine art paper using archival inks, these high-quality prints are designed to retain their depth and vibrancy for years to come.</p><ul><li>Limited edition</li><li>Museum-grade fine art paper, archival inks</li><li>Square print: 40 x 40 cm, 50 x 50 cm or 75 x 75 cm</li><li>Frame not included</li><li>Printed to order and usually dispatched within 14 days</li><li>Free shipping within Australia</li><li>Custom sizes available on request. Please enquire.</li></ul>",Kylie Washington,,Fine Art Print,"Fine Art Prints, Prints, Limited Edition, Shape: Square",FALSE,Size,Small - 40 x 40 cm,KW-PR-009-S,,,,continue,manual,80.00,,TRUE,TRUE,,https://cdn.shopify.com/s/files/1/0711/2769/5411/files/etching-2-fine-art-print.jpg,1,"Etching 2, fine art print by Kylie Washington",FALSE,Etching 2 | Limited Edition Fine Art Print by Kylie Washington,"Etching 2, a limited edition fine art print by Australian artist Kylie Washington. Archival inks on museum-grade paper. Free shipping in Australia.",kg,draft,2026,Archival inks on museum-grade fine art paper,40 x 40 cm / 50 x 50 cm / 75 x 75 cm,Unframed
etching-2-fine-art-print,,,,,,,,Size,Medium - 50 x 50 cm,KW-PR-009-M,,,,continue,manual,120.00,,TRUE,TRUE,,,,,,,,kg,,,,,
etching-2-fine-art-print,,,,,,,,Size,Large - 75 x 75 cm,KW-PR-009-L,,,,continue,manual,250.00,,TRUE,TRUE,,,,,,,,kg,,,,,
blood-on-the-table-fine-art-print,Blood on the Table,"<p>A striking, provocative work that invites a second look.</p><p>Created from Kylie Washington's original artwork, each fine art print captures the colour, texture and expressive energy of the original work. Printed in Australia on museum-grade fine art paper using archival inks, these high-quality prints are designed to retain their depth and vibrancy for years to come.</p><ul><li>Limited edition</li><li>Museum-grade fine art paper, archival inks</li><li>Printed to standard A4, A3 or A2 paper sizes</li><li>Frame not included</li><li>Printed to order and usually dispatched within 14 days</li><li>Free shipping within Australia</li><li>Custom sizes available on request. Please enquire.</li></ul>",Kylie Washington,,Fine Art Print,"Fine Art Prints, Prints, Limited Edition, Shape: Rectangle",FALSE,Size,A4 - 21 x 29.7 cm,KW-PR-010-A4,,,,continue,manual,80.00,,TRUE,TRUE,,https://cdn.shopify.com/s/files/1/0711/2769/5411/files/blood-on-the-table-fine-art-print.jpg,1,"Blood on the Table, fine art print by Kylie Washington",FALSE,Blood on the Table | Limited Edition Fine Art Print by Kylie Washington,"Blood on the Table, a limited edition fine art print by Australian artist Kylie Washington. Archival inks on museum-grade paper. Free shipping in Australia.",kg,draft,2026,Archival inks on museum-grade fine art paper,A4 / A3 / A2,Unframed
blood-on-the-table-fine-art-print,,,,,,,,Size,A3 - 29.7 x 42 cm,KW-PR-010-A3,,,,continue,manual,120.00,,TRUE,TRUE,,,,,,,,kg,,,,,
blood-on-the-table-fine-art-print,,,,,,,,Size,A2 - 42 x 59.4 cm,KW-PR-010-A2,,,,continue,manual,250.00,,TRUE,TRUE,,,,,,,,kg,,,,,
banksia-typography-fine-art-print,Banksia Typography,"<p>The banksia reimagined through typography, featuring the place names of Pearl Beach and Patonga, home to Kylie's studio.</p><p>Created from Kylie Washington's original artwork, each fine art print captures the colour, texture and expressive energy of the original work. Printed in Australia on museum-grade fine art paper using archival inks, these high-quality prints are designed to retain their depth and vibrancy for years to come.</p><ul><li>Limited edition</li><li>Museum-grade fine art paper, archival inks</li><li>Printed to standard A4, A3 or A2 paper sizes</li><li>Frame not included</li><li>Printed to order and usually dispatched within 14 days</li><li>Free shipping within Australia</li><li>Custom sizes available on request. Please enquire.</li></ul>",Kylie Washington,,Fine Art Print,"Fine Art Prints, Prints, Limited Edition, Shape: Rectangle, Subject: Banksia, Subject: Australian Flora",FALSE,Size,A4 - 21 x 29.7 cm,KW-PR-011-A4,,,,continue,manual,80.00,,TRUE,TRUE,,https://cdn.shopify.com/s/files/1/0711/2769/5411/files/banksia-typography-fine-art-print.jpg,1,"Banksia Typography, fine art print by Kylie Washington",FALSE,Banksia Typography | Limited Edition Fine Art Print by Kylie Washington,"Banksia Typography, a limited edition fine art print by Australian artist Kylie Washington. Archival inks on museum-grade paper. Free shipping in Australia.",kg,draft,2026,Archival inks on museum-grade fine art paper,A4 / A3 / A2,Unframed
banksia-typography-fine-art-print,,,,,,,,Size,A3 - 29.7 x 42 cm,KW-PR-011-A3,,,,continue,manual,120.00,,TRUE,TRUE,,,,,,,,kg,,,,,
banksia-typography-fine-art-print,,,,,,,,Size,A2 - 42 x 59.4 cm,KW-PR-011-A2,,,,continue,manual,250.00,,TRUE,TRUE,,,,,,,,kg,,,,,
vessel-fine-art-print,Vessel,"<p>A work about holding and carrying: the vessel as a form, and as a metaphor for what we hold within.</p><p>Created from Kylie Washington's original artwork, each fine art print captures the colour, texture and expressive energy of the original work. Printed in Australia on museum-grade fine art paper using archival inks, these high-quality prints are designed to retain their depth and vibrancy for years to come.</p><ul><li>Limited edition</li><li>Museum-grade fine art paper, archival inks</li><li>Printed to standard A4, A3 or A2 paper sizes</li><li>Frame not included</li><li>Printed to order and usually dispatched within 14 days</li><li>Free shipping within Australia</li><li>Custom sizes available on request. Please enquire.</li></ul>",Kylie Washington,,Fine Art Print,"Fine Art Prints, Prints, Limited Edition, Shape: Rectangle",FALSE,Size,A4 - 21 x 29.7 cm,KW-PR-012-A4,,,,continue,manual,80.00,,TRUE,TRUE,,https://cdn.shopify.com/s/files/1/0711/2769/5411/files/vessel-fine-art-print.jpg,1,"Vessel, fine art print by Kylie Washington",FALSE,Vessel | Limited Edition Fine Art Print by Kylie Washington,"Vessel, a limited edition fine art print by Australian artist Kylie Washington. Archival inks on museum-grade paper. Free shipping in Australia.",kg,draft,2026,Archival inks on museum-grade fine art paper,A4 / A3 / A2,Unframed
vessel-fine-art-print,,,,,,,,Size,A3 - 29.7 x 42 cm,KW-PR-012-A3,,,,continue,manual,120.00,,TRUE,TRUE,,,,,,,,kg,,,,,
vessel-fine-art-print,,,,,,,,Size,A2 - 42 x 59.4 cm,KW-PR-012-A2,,,,continue,manual,250.00,,TRUE,TRUE,,,,,,,,kg,,,,,
underwater-roll-fine-art-print,Underwater Roll,"<p>A fluid, immersive work inspired by movement beneath the surface of the water.</p><p>Created from Kylie Washington's original artwork, each fine art print captures the colour, texture and expressive energy of the original work. Printed in Australia on museum-grade fine art paper using archival inks, these high-quality prints are designed to retain their depth and vibrancy for years to come.</p><ul><li>Limited edition</li><li>Museum-grade fine art paper, archival inks</li><li>Square print: 40 x 40 cm, 50 x 50 cm or 75 x 75 cm</li><li>Frame not included</li><li>Printed to order and usually dispatched within 14 days</li><li>Free shipping within Australia</li><li>Custom sizes available on request. Please enquire.</li></ul>",Kylie Washington,,Fine Art Print,"Fine Art Prints, Prints, Limited Edition, Shape: Square, Subject: Ocean",FALSE,Size,Small - 40 x 40 cm,KW-PR-013-S,,,,continue,manual,80.00,,TRUE,TRUE,,https://cdn.shopify.com/s/files/1/0711/2769/5411/files/underwater-roll-fine-art-print.jpg,1,"Underwater Roll, fine art print by Kylie Washington",FALSE,Underwater Roll | Limited Edition Fine Art Print by Kylie Washington,"Underwater Roll, a limited edition fine art print by Australian artist Kylie Washington. Archival inks on museum-grade paper. Free shipping in Australia.",kg,draft,2026,Archival inks on museum-grade fine art paper,40 x 40 cm / 50 x 50 cm / 75 x 75 cm,Unframed
underwater-roll-fine-art-print,,,,,,,,Size,Medium - 50 x 50 cm,KW-PR-013-M,,,,continue,manual,120.00,,TRUE,TRUE,,,,,,,,kg,,,,,
underwater-roll-fine-art-print,,,,,,,,Size,Large - 75 x 75 cm,KW-PR-013-L,,,,continue,manual,250.00,,TRUE,TRUE,,,,,,,,kg,,,,,
turn-lights-on-pink-fine-art-print,Turn Lights On Pink,"<p>One of a pair of works about energy and attraction, about being lit up by someone or something. This version is in pink.</p><p>Created from Kylie Washington's original artwork, each fine art print captures the colour, texture and expressive energy of the original work. Printed in Australia on museum-grade fine art paper using archival inks, these high-quality prints are designed to retain their depth and vibrancy for years to come.</p><ul><li>Limited edition</li><li>Museum-grade fine art paper, archival inks</li><li>Square print: 40 x 40 cm, 50 x 50 cm or 75 x 75 cm</li><li>Frame not included</li><li>Printed to order and usually dispatched within 14 days</li><li>Free shipping within Australia</li><li>Custom sizes available on request. Please enquire.</li></ul>",Kylie Washington,,Fine Art Print,"Fine Art Prints, Prints, Limited Edition, Shape: Square, Colour: Pink",FALSE,Size,Small - 40 x 40 cm,KW-PR-014-S,,,,continue,manual,80.00,,TRUE,TRUE,,https://cdn.shopify.com/s/files/1/0711/2769/5411/files/turn-lights-on-pink-fine-art-print.jpg,1,"Turn Lights On Pink, fine art print by Kylie Washington",FALSE,Turn Lights On Pink | Limited Edition Fine Art Print by Kylie Washington,"Turn Lights On Pink, a limited edition fine art print by Australian artist Kylie Washington. Archival inks on museum-grade paper. Free shipping in Australia.",kg,draft,2026,Archival inks on museum-grade fine art paper,40 x 40 cm / 50 x 50 cm / 75 x 75 cm,Unframed
turn-lights-on-pink-fine-art-print,,,,,,,,Size,Medium - 50 x 50 cm,KW-PR-014-M,,,,continue,manual,120.00,,TRUE,TRUE,,,,,,,,kg,,,,,
turn-lights-on-pink-fine-art-print,,,,,,,,Size,Large - 75 x 75 cm,KW-PR-014-L,,,,continue,manual,250.00,,TRUE,TRUE,,,,,,,,kg,,,,,
turn-lights-on-red-fine-art-print,Turn Lights On Red,"<p>One of a pair of works about energy and attraction, about being lit up by someone or something. This version is in red.</p><p>Created from Kylie Washington's original artwork, each fine art print captures the colour, texture and expressive energy of the original work. Printed in Australia on museum-grade fine art paper using archival inks, these high-quality prints are designed to retain their depth and vibrancy for years to come.</p><ul><li>Limited edition</li><li>Museum-grade fine art paper, archival inks</li><li>Square print: 40 x 40 cm, 50 x 50 cm or 75 x 75 cm</li><li>Frame not included</li><li>Printed to order and usually dispatched within 14 days</li><li>Free shipping within Australia</li><li>Custom sizes available on request. Please enquire.</li></ul>",Kylie Washington,,Fine Art Print,"Fine Art Prints, Prints, Limited Edition, Shape: Square, Colour: Red",FALSE,Size,Small - 40 x 40 cm,KW-PR-015-S,,,,continue,manual,80.00,,TRUE,TRUE,,https://cdn.shopify.com/s/files/1/0711/2769/5411/files/turn-lights-on-red-fine-art-print.jpg,1,"Turn Lights On Red, fine art print by Kylie Washington",FALSE,Turn Lights On Red | Limited Edition Fine Art Print by Kylie Washington,"Turn Lights On Red, a limited edition fine art print by Australian artist Kylie Washington. Archival inks on museum-grade paper. Free shipping in Australia.",kg,draft,2026,Archival inks on museum-grade fine art paper,40 x 40 cm / 50 x 50 cm / 75 x 75 cm,Unframed
turn-lights-on-red-fine-art-print,,,,,,,,Size,Medium - 50 x 50 cm,KW-PR-015-M,,,,continue,manual,120.00,,TRUE,TRUE,,,,,,,,kg,,,,,
turn-lights-on-red-fine-art-print,,,,,,,,Size,Large - 75 x 75 cm,KW-PR-015-L,,,,continue,manual,250.00,,TRUE,TRUE,,,,,,,,kg,,,,,
tripdick-1-fine-art-print,Tripdick 1,"<p>Part one of a cheeky three-part series (a play on 'triptych'), designed to hang alone or together as a set.</p><p>Created from Kylie Washington's original artwork, each fine art print captures the colour, texture and expressive energy of the original work. Printed in Australia on museum-grade fine art paper using archival inks, these high-quality prints are designed to retain their depth and vibrancy for years to come.</p><ul><li>Limited edition</li><li>Museum-grade fine art paper, archival inks</li><li>Printed to standard A4, A3 or A2 paper sizes</li><li>Frame not included</li><li>Printed to order and usually dispatched within 14 days</li><li>Free shipping within Australia</li><li>Custom sizes available on request. Please enquire.</li></ul>",Kylie Washington,,Fine Art Print,"Fine Art Prints, Prints, Limited Edition, Shape: Rectangle",FALSE,Size,A4 - 21 x 29.7 cm,KW-PR-016-A4,,,,continue,manual,80.00,,TRUE,TRUE,,https://cdn.shopify.com/s/files/1/0711/2769/5411/files/tripdick-1-fine-art-print.jpg,1,"Tripdick 1, fine art print by Kylie Washington",FALSE,Tripdick 1 | Limited Edition Fine Art Print by Kylie Washington,"Tripdick 1, a limited edition fine art print by Australian artist Kylie Washington. Archival inks on museum-grade paper. Free shipping in Australia.",kg,draft,2026,Archival inks on museum-grade fine art paper,A4 / A3 / A2,Unframed
tripdick-1-fine-art-print,,,,,,,,Size,A3 - 29.7 x 42 cm,KW-PR-016-A3,,,,continue,manual,120.00,,TRUE,TRUE,,,,,,,,kg,,,,,
tripdick-1-fine-art-print,,,,,,,,Size,A2 - 42 x 59.4 cm,KW-PR-016-A2,,,,continue,manual,250.00,,TRUE,TRUE,,,,,,,,kg,,,,,
tripdick-2-fine-art-print,Tripdick 2,"<p>Part two of a cheeky three-part series (a play on 'triptych'), designed to hang alone or together as a set.</p><p>Created from Kylie Washington's original artwork, each fine art print captures the colour, texture and expressive energy of the original work. Printed in Australia on museum-grade fine art paper using archival inks, these high-quality prints are designed to retain their depth and vibrancy for years to come.</p><ul><li>Limited edition</li><li>Museum-grade fine art paper, archival inks</li><li>Printed to standard A4, A3 or A2 paper sizes</li><li>Frame not included</li><li>Printed to order and usually dispatched within 14 days</li><li>Free shipping within Australia</li><li>Custom sizes available on request. Please enquire.</li></ul>",Kylie Washington,,Fine Art Print,"Fine Art Prints, Prints, Limited Edition, Shape: Rectangle",FALSE,Size,A4 - 21 x 29.7 cm,KW-PR-017-A4,,,,continue,manual,80.00,,TRUE,TRUE,,https://cdn.shopify.com/s/files/1/0711/2769/5411/files/tripdick-2-fine-art-print.jpg,1,"Tripdick 2, fine art print by Kylie Washington",FALSE,Tripdick 2 | Limited Edition Fine Art Print by Kylie Washington,"Tripdick 2, a limited edition fine art print by Australian artist Kylie Washington. Archival inks on museum-grade paper. Free shipping in Australia.",kg,draft,2026,Archival inks on museum-grade fine art paper,A4 / A3 / A2,Unframed
tripdick-2-fine-art-print,,,,,,,,Size,A3 - 29.7 x 42 cm,KW-PR-017-A3,,,,continue,manual,120.00,,TRUE,TRUE,,,,,,,,kg,,,,,
tripdick-2-fine-art-print,,,,,,,,Size,A2 - 42 x 59.4 cm,KW-PR-017-A2,,,,continue,manual,250.00,,TRUE,TRUE,,,,,,,,kg,,,,,
tripdick-3-fine-art-print,Tripdick 3,"<p>Part three of a cheeky three-part series (a play on 'triptych'), designed to hang alone or together as a set.</p><p>Created from Kylie Washington's original artwork, each fine art print captures the colour, texture and expressive energy of the original work. Printed in Australia on museum-grade fine art paper using archival inks, these high-quality prints are designed to retain their depth and vibrancy for years to come.</p><ul><li>Limited edition</li><li>Museum-grade fine art paper, archival inks</li><li>Printed to standard A4, A3 or A2 paper sizes</li><li>Frame not included</li><li>Printed to order and usually dispatched within 14 days</li><li>Free shipping within Australia</li><li>Custom sizes available on request. Please enquire.</li></ul>",Kylie Washington,,Fine Art Print,"Fine Art Prints, Prints, Limited Edition, Shape: Rectangle",FALSE,Size,A4 - 21 x 29.7 cm,KW-PR-018-A4,,,,continue,manual,80.00,,TRUE,TRUE,,https://cdn.shopify.com/s/files/1/0711/2769/5411/files/tripdick-3-fine-art-print.jpg,1,"Tripdick 3, fine art print by Kylie Washington",FALSE,Tripdick 3 | Limited Edition Fine Art Print by Kylie Washington,"Tripdick 3, a limited edition fine art print by Australian artist Kylie Washington. Archival inks on museum-grade paper. Free shipping in Australia.",kg,draft,2026,Archival inks on museum-grade fine art paper,A4 / A3 / A2,Unframed
tripdick-3-fine-art-print,,,,,,,,Size,A3 - 29.7 x 42 cm,KW-PR-018-A3,,,,continue,manual,120.00,,TRUE,TRUE,,,,,,,,kg,,,,,
tripdick-3-fine-art-print,,,,,,,,Size,A2 - 42 x 59.4 cm,KW-PR-018-A2,,,,continue,manual,250.00,,TRUE,TRUE,,,,,,,,kg,,,,,
dinner-fine-art-print,Dinner,"<p>A work about the family dinner table and the ritual of gathering, where the days are long and the years are short.</p><p>Created from Kylie Washington's original artwork, each fine art print captures the colour, texture and expressive energy of the original work. Printed in Australia on museum-grade fine art paper using archival inks, these high-quality prints are designed to retain their depth and vibrancy for years to come.</p><ul><li>Limited edition</li><li>Museum-grade fine art paper, archival inks</li><li>Printed to standard A4, A3 or A2 paper sizes</li><li>Frame not included</li><li>Printed to order and usually dispatched within 14 days</li><li>Free shipping within Australia</li><li>Custom sizes available on request. Please enquire.</li></ul>",Kylie Washington,,Fine Art Print,"Fine Art Prints, Prints, Limited Edition, Shape: Rectangle",FALSE,Size,A4 - 21 x 29.7 cm,KW-PR-019-A4,,,,continue,manual,80.00,,TRUE,TRUE,,https://cdn.shopify.com/s/files/1/0711/2769/5411/files/dinner-fine-art-print.jpg,1,"Dinner, fine art print by Kylie Washington",FALSE,Dinner | Limited Edition Fine Art Print by Kylie Washington,"Dinner, a limited edition fine art print by Australian artist Kylie Washington. Archival inks on museum-grade paper. Free shipping in Australia.",kg,draft,2026,Archival inks on museum-grade fine art paper,A4 / A3 / A2,Unframed
dinner-fine-art-print,,,,,,,,Size,A3 - 29.7 x 42 cm,KW-PR-019-A3,,,,continue,manual,120.00,,TRUE,TRUE,,,,,,,,kg,,,,,
dinner-fine-art-print,,,,,,,,Size,A2 - 42 x 59.4 cm,KW-PR-019-A2,,,,continue,manual,250.00,,TRUE,TRUE,,,,,,,,kg,,,,,
the-chosen-one-fine-art-print,The Chosen One,"<p>A confident work with a title that carries personality and a wink of humour.</p><p>Created from Kylie Washington's original artwork, each fine art print captures the colour, texture and expressive energy of the original work. Printed in Australia on museum-grade fine art paper using archival inks, these high-quality prints are designed to retain their depth and vibrancy for years to come.</p><ul><li>Limited edition</li><li>Museum-grade fine art paper, archival inks</li><li>Square print: 40 x 40 cm, 50 x 50 cm or 75 x 75 cm</li><li>Frame not included</li><li>Printed to order and usually dispatched within 14 days</li><li>Free shipping within Australia</li><li>Custom sizes available on request. Please enquire.</li></ul>",Kylie Washington,,Fine Art Print,"Fine Art Prints, Prints, Limited Edition, Shape: Square",FALSE,Size,Small - 40 x 40 cm,KW-PR-020-S,,,,continue,manual,80.00,,TRUE,TRUE,,https://cdn.shopify.com/s/files/1/0711/2769/5411/files/the-chosen-one-fine-art-print.jpg,1,"The Chosen One, fine art print by Kylie Washington",FALSE,The Chosen One | Limited Edition Fine Art Print by Kylie Washington,"The Chosen One, a limited edition fine art print by Australian artist Kylie Washington. Archival inks on museum-grade paper. Free shipping in Australia.",kg,draft,2026,Archival inks on museum-grade fine art paper,40 x 40 cm / 50 x 50 cm / 75 x 75 cm,Unframed
the-chosen-one-fine-art-print,,,,,,,,Size,Medium - 50 x 50 cm,KW-PR-020-M,,,,continue,manual,120.00,,TRUE,TRUE,,,,,,,,kg,,,,,
the-chosen-one-fine-art-print,,,,,,,,Size,Large - 75 x 75 cm,KW-PR-020-L,,,,continue,manual,250.00,,TRUE,TRUE,,,,,,,,kg,,,,,
starry-ghosts-fine-art-print,Starry Ghosts,"<p>A dreamy, nocturnal work connecting the Australian landscape with the night sky.</p><p>Created from Kylie Washington's original artwork, each fine art print captures the colour, texture and expressive energy of the original work. Printed in Australia on museum-grade fine art paper using archival inks, these high-quality prints are designed to retain their depth and vibrancy for years to come.</p><ul><li>Limited edition</li><li>Museum-grade fine art paper, archival inks</li><li>Square print: 40 x 40 cm, 50 x 50 cm or 75 x 75 cm</li><li>Frame not included</li><li>Printed to order and usually dispatched within 14 days</li><li>Free shipping within Australia</li><li>Custom sizes available on request. Please enquire.</li></ul>",Kylie Washington,,Fine Art Print,"Fine Art Prints, Prints, Limited Edition, Shape: Square, Subject: Stars",FALSE,Size,Small - 40 x 40 cm,KW-PR-021-S,,,,continue,manual,80.00,,TRUE,TRUE,,https://cdn.shopify.com/s/files/1/0711/2769/5411/files/starry-ghosts-fine-art-print.jpg,1,"Starry Ghosts, fine art print by Kylie Washington",FALSE,Starry Ghosts | Limited Edition Fine Art Print by Kylie Washington,"Starry Ghosts, a limited edition fine art print by Australian artist Kylie Washington. Archival inks on museum-grade paper. Free shipping in Australia.",kg,draft,2026,Archival inks on museum-grade fine art paper,40 x 40 cm / 50 x 50 cm / 75 x 75 cm,Unframed
starry-ghosts-fine-art-print,,,,,,,,Size,Medium - 50 x 50 cm,KW-PR-021-M,,,,continue,manual,120.00,,TRUE,TRUE,,,,,,,,kg,,,,,
starry-ghosts-fine-art-print,,,,,,,,Size,Large - 75 x 75 cm,KW-PR-021-L,,,,continue,manual,250.00,,TRUE,TRUE,,,,,,,,kg,,,,,
smoky-amber-fine-art-print,Smoky Amber,"<p>Warm amber tones and a smoky atmosphere that evoke the Australian bush.</p><p>Created from Kylie Washington's original artwork, each fine art print captures the colour, texture and expressive energy of the original work. Printed in Australia on museum-grade fine art paper using archival inks, these high-quality prints are designed to retain their depth and vibrancy for years to come.</p><ul><li>Limited edition</li><li>Museum-grade fine art paper, archival inks</li><li>Square print: 40 x 40 cm, 50 x 50 cm or 75 x 75 cm</li><li>Frame not included</li><li>Printed to order and usually dispatched within 14 days</li><li>Free shipping within Australia</li><li>Custom sizes available on request. Please enquire.</li></ul>",Kylie Washington,,Fine Art Print,"Fine Art Prints, Prints, Limited Edition, Shape: Square, Colour: Amber",FALSE,Size,Small - 40 x 40 cm,KW-PR-022-S,,,,continue,manual,80.00,,TRUE,TRUE,,https://cdn.shopify.com/s/files/1/0711/2769/5411/files/smoky-amber-fine-art-print.jpg,1,"Smoky Amber, fine art print by Kylie Washington",FALSE,Smoky Amber | Limited Edition Fine Art Print by Kylie Washington,"Smoky Amber, a limited edition fine art print by Australian artist Kylie Washington. Archival inks on museum-grade paper. Free shipping in Australia.",kg,draft,2026,Archival inks on museum-grade fine art paper,40 x 40 cm / 50 x 50 cm / 75 x 75 cm,Unframed
smoky-amber-fine-art-print,,,,,,,,Size,Medium - 50 x 50 cm,KW-PR-022-M,,,,continue,manual,120.00,,TRUE,TRUE,,,,,,,,kg,,,,,
smoky-amber-fine-art-print,,,,,,,,Size,Large - 75 x 75 cm,KW-PR-022-L,,,,continue,manual,250.00,,TRUE,TRUE,,,,,,,,kg,,,,,
shadow-light-tips-fine-art-print,Shadow Light Tips,"<p>Botanical tips caught between shadow and light.</p><p>Created from Kylie Washington's original artwork, each fine art print captures the colour, texture and expressive energy of the original work. Printed in Australia on museum-grade fine art paper using archival inks, these high-quality prints are designed to retain their depth and vibrancy for years to come.</p><ul><li>Limited edition</li><li>Museum-grade fine art paper, archival inks</li><li>Printed to standard A4, A3 or A2 paper sizes</li><li>Frame not included</li><li>Printed to order and usually dispatched within 14 days</li><li>Free shipping within Australia</li><li>Custom sizes available on request. Please enquire.</li></ul>",Kylie Washington,,Fine Art Print,"Fine Art Prints, Prints, Limited Edition, Shape: Rectangle, Subject: Botanical",FALSE,Size,A4 - 21 x 29.7 cm,KW-PR-023-A4,,,,continue,manual,80.00,,TRUE,TRUE,,https://cdn.shopify.com/s/files/1/0711/2769/5411/files/shadow-light-tips-fine-art-print.jpg,1,"Shadow Light Tips, fine art print by Kylie Washington",FALSE,Shadow Light Tips | Limited Edition Fine Art Print by Kylie Washington,"Shadow Light Tips, a limited edition fine art print by Australian artist Kylie Washington. Archival inks on museum-grade paper. Free shipping in Australia.",kg,draft,2026,Archival inks on museum-grade fine art paper,A4 / A3 / A2,Unframed
shadow-light-tips-fine-art-print,,,,,,,,Size,A3 - 29.7 x 42 cm,KW-PR-023-A3,,,,continue,manual,120.00,,TRUE,TRUE,,,,,,,,kg,,,,,
shadow-light-tips-fine-art-print,,,,,,,,Size,A2 - 42 x 59.4 cm,KW-PR-023-A2,,,,continue,manual,250.00,,TRUE,TRUE,,,,,,,,kg,,,,,
red-light-district-gum-fine-art-print,Red Light District Gum,"<p>A cheeky, bold take on the Australian gum, with a title full of wit.</p><p>Created from Kylie Washington's original artwork, each fine art print captures the colour, texture and expressive energy of the original work. Printed in Australia on museum-grade fine art paper using archival inks, these high-quality prints are designed to retain their depth and vibrancy for years to come.</p><ul><li>Limited edition</li><li>Museum-grade fine art paper, archival inks</li><li>Printed to standard A4, A3 or A2 paper sizes</li><li>Frame not included</li><li>Printed to order and usually dispatched within 14 days</li><li>Free shipping within Australia</li><li>Custom sizes available on request. Please enquire.</li></ul>",Kylie Washington,,Fine Art Print,"Fine Art Prints, Prints, Limited Edition, Shape: Rectangle, Subject: Eucalyptus, Subject: Australian Flora, Colour: Red",FALSE,Size,A4 - 21 x 29.7 cm,KW-PR-024-A4,,,,continue,manual,80.00,,TRUE,TRUE,,https://cdn.shopify.com/s/files/1/0711/2769/5411/files/red-light-district-gum-fine-art-print.jpg,1,"Red Light District Gum, fine art print by Kylie Washington",FALSE,Red Light District Gum | Limited Edition Fine Art Print by Kylie Washington,"Red Light District Gum, a limited edition fine art print by Australian artist Kylie Washington. Archival inks on museum-grade paper. Free shipping in Australia.",kg,draft,2026,Archival inks on museum-grade fine art paper,A4 / A3 / A2,Unframed
red-light-district-gum-fine-art-print,,,,,,,,Size,A3 - 29.7 x 42 cm,KW-PR-024-A3,,,,continue,manual,120.00,,TRUE,TRUE,,,,,,,,kg,,,,,
red-light-district-gum-fine-art-print,,,,,,,,Size,A2 - 42 x 59.4 cm,KW-PR-024-A2,,,,continue,manual,250.00,,TRUE,TRUE,,,,,,,,kg,,,,,
rays-fine-art-print,Rays,"<p>A work about light, warmth and radiance.</p><p>Created from Kylie Washington's original artwork, each fine art print captures the colour, texture and expressive energy of the original work. Printed in Australia on museum-grade fine art paper using archival inks, these high-quality prints are designed to retain their depth and vibrancy for years to come.</p><ul><li>Limited edition</li><li>Museum-grade fine art paper, archival inks</li><li>Printed to standard A4, A3 or A2 paper sizes</li><li>Frame not included</li><li>Printed to order and usually dispatched within 14 days</li><li>Free shipping within Australia</li><li>Custom sizes available on request. Please enquire.</li></ul>",Kylie Washington,,Fine Art Print,"Fine Art Prints, Prints, Limited Edition, Shape: Rectangle",FALSE,Size,A4 - 21 x 29.7 cm,KW-PR-025-A4,,,,continue,manual,80.00,,TRUE,TRUE,,https://cdn.shopify.com/s/files/1/0711/2769/5411/files/rays-fine-art-print.jpg,1,"Rays, fine art print by Kylie Washington",FALSE,Rays | Limited Edition Fine Art Print by Kylie Washington,"Rays, a limited edition fine art print by Australian artist Kylie Washington. Archival inks on museum-grade paper. Free shipping in Australia.",kg,draft,2026,Archival inks on museum-grade fine art paper,A4 / A3 / A2,Unframed
rays-fine-art-print,,,,,,,,Size,A3 - 29.7 x 42 cm,KW-PR-025-A3,,,,continue,manual,120.00,,TRUE,TRUE,,,,,,,,kg,,,,,
rays-fine-art-print,,,,,,,,Size,A2 - 42 x 59.4 cm,KW-PR-025-A2,,,,continue,manual,250.00,,TRUE,TRUE,,,,,,,,kg,,,,,
tips-fine-art-print,Tips,"<p>A close study of botanical tips, the growing points where new life begins.</p><p>Created from Kylie Washington's original artwork, each fine art print captures the colour, texture and expressive energy of the original work. Printed in Australia on museum-grade fine art paper using archival inks, these high-quality prints are designed to retain their depth and vibrancy for years to come.</p><ul><li>Limited edition</li><li>Museum-grade fine art paper, archival inks</li><li>Printed to standard A4, A3 or A2 paper sizes</li><li>Frame not included</li><li>Printed to order and usually dispatched within 14 days</li><li>Free shipping within Australia</li><li>Custom sizes available on request. Please enquire.</li></ul>",Kylie Washington,,Fine Art Print,"Fine Art Prints, Prints, Limited Edition, Shape: Rectangle, Subject: Botanical",FALSE,Size,A4 - 21 x 29.7 cm,KW-PR-026-A4,,,,continue,manual,80.00,,TRUE,TRUE,,https://cdn.shopify.com/s/files/1/0711/2769/5411/files/tips-fine-art-print.jpg,1,"Tips, fine art print by Kylie Washington",FALSE,Tips | Limited Edition Fine Art Print by Kylie Washington,"Tips, a limited edition fine art print by Australian artist Kylie Washington. Archival inks on museum-grade paper. Free shipping in Australia.",kg,draft,2026,Archival inks on museum-grade fine art paper,A4 / A3 / A2,Unframed
tips-fine-art-print,,,,,,,,Size,A3 - 29.7 x 42 cm,KW-PR-026-A3,,,,continue,manual,120.00,,TRUE,TRUE,,,,,,,,kg,,,,,
tips-fine-art-print,,,,,,,,Size,A2 - 42 x 59.4 cm,KW-PR-026-A2,,,,continue,manual,250.00,,TRUE,TRUE,,,,,,,,kg,,,,,
orchid-cut-fine-art-print,Orchid Cut,"<p>The orchid reimagined through cut and collage, fragmenting the bloom into bold new forms.</p><p>Created from Kylie Washington's original artwork, each fine art print captures the colour, texture and expressive energy of the original work. Printed in Australia on museum-grade fine art paper using archival inks, these high-quality prints are designed to retain their depth and vibrancy for years to come.</p><ul><li>Limited edition</li><li>Museum-grade fine art paper, archival inks</li><li>Printed to standard A4, A3 or A2 paper sizes</li><li>Frame not included</li><li>Printed to order and usually dispatched within 14 days</li><li>Free shipping within Australia</li><li>Custom sizes available on request. Please enquire.</li></ul>",Kylie Washington,,Fine Art Print,"Fine Art Prints, Prints, Limited Edition, Shape: Rectangle, Subject: Orchid, Subject: Botanical",FALSE,Size,A4 - 21 x 29.7 cm,KW-PR-027-A4,,,,continue,manual,80.00,,TRUE,TRUE,,https://cdn.shopify.com/s/files/1/0711/2769/5411/files/orchid-cut-fine-art-print.jpg,1,"Orchid Cut, fine art print by Kylie Washington",FALSE,Orchid Cut | Limited Edition Fine Art Print by Kylie Washington,"Orchid Cut, a limited edition fine art print by Australian artist Kylie Washington. Archival inks on museum-grade paper. Free shipping in Australia.",kg,draft,2026,Archival inks on museum-grade fine art paper,A4 / A3 / A2,Unframed
orchid-cut-fine-art-print,,,,,,,,Size,A3 - 29.7 x 42 cm,KW-PR-027-A3,,,,continue,manual,120.00,,TRUE,TRUE,,,,,,,,kg,,,,,
orchid-cut-fine-art-print,,,,,,,,Size,A2 - 42 x 59.4 cm,KW-PR-027-A2,,,,continue,manual,250.00,,TRUE,TRUE,,,,,,,,kg,,,,,
night-spawning-fine-art-print,Night Spawning,"<p>Inspired by the mysterious rhythms of life after dark, when nature quietly renews itself.</p><p>Created from Kylie Washington's original artwork, each fine art print captures the colour, texture and expressive energy of the original work. Printed in Australia on museum-grade fine art paper using archival inks, these high-quality prints are designed to retain their depth and vibrancy for years to come.</p><ul><li>Limited edition</li><li>Museum-grade fine art paper, archival inks</li><li>Square print: 40 x 40 cm, 50 x 50 cm or 75 x 75 cm</li><li>Frame not included</li><li>Printed to order and usually dispatched within 14 days</li><li>Free shipping within Australia</li><li>Custom sizes available on request. Please enquire.</li></ul>",Kylie Washington,,Fine Art Print,"Fine Art Prints, Prints, Limited Edition, Shape: Square, Subject: Ocean",FALSE,Size,Small - 40 x 40 cm,KW-PR-028-S,,,,continue,manual,80.00,,TRUE,TRUE,,https://cdn.shopify.com/s/files/1/0711/2769/5411/files/night-spawning-fine-art-print.jpg,1,"Night Spawning, fine art print by Kylie Washington",FALSE,Night Spawning | Limited Edition Fine Art Print by Kylie Washington,"Night Spawning, a limited edition fine art print by Australian artist Kylie Washington. Archival inks on museum-grade paper. Free shipping in Australia.",kg,draft,2026,Archival inks on museum-grade fine art paper,40 x 40 cm / 50 x 50 cm / 75 x 75 cm,Unframed
night-spawning-fine-art-print,,,,,,,,Size,Medium - 50 x 50 cm,KW-PR-028-M,,,,continue,manual,120.00,,TRUE,TRUE,,,,,,,,kg,,,,,
night-spawning-fine-art-print,,,,,,,,Size,Large - 75 x 75 cm,KW-PR-028-L,,,,continue,manual,250.00,,TRUE,TRUE,,,,,,,,kg,,,,,
milk-blossom-fine-art-print,Milk Blossom,"<p>A soft, delicate celebration of blossom.</p><p>Created from Kylie Washington's original artwork, each fine art print captures the colour, texture and expressive energy of the original work. Printed in Australia on museum-grade fine art paper using archival inks, these high-quality prints are designed to retain their depth and vibrancy for years to come.</p><ul><li>Limited edition</li><li>Museum-grade fine art paper, archival inks</li><li>Square print: 40 x 40 cm, 50 x 50 cm or 75 x 75 cm</li><li>Frame not included</li><li>Printed to order and usually dispatched within 14 days</li><li>Free shipping within Australia</li><li>Custom sizes available on request. Please enquire.</li></ul>",Kylie Washington,,Fine Art Print,"Fine Art Prints, Prints, Limited Edition, Shape: Square, Subject: Botanical",FALSE,Size,Small - 40 x 40 cm,KW-PR-029-S,,,,continue,manual,80.00,,TRUE,TRUE,,https://cdn.shopify.com/s/files/1/0711/2769/5411/files/milk-blossom-fine-art-print.jpg,1,"Milk Blossom, fine art print by Kylie Washington",FALSE,Milk Blossom | Limited Edition Fine Art Print by Kylie Washington,"Milk Blossom, a limited edition fine art print by Australian artist Kylie Washington. Archival inks on museum-grade paper. Free shipping in Australia.",kg,draft,2026,Archival inks on museum-grade fine art paper,40 x 40 cm / 50 x 50 cm / 75 x 75 cm,Unframed
milk-blossom-fine-art-print,,,,,,,,Size,Medium - 50 x 50 cm,KW-PR-029-M,,,,continue,manual,120.00,,TRUE,TRUE,,,,,,,,kg,,,,,
milk-blossom-fine-art-print,,,,,,,,Size,Large - 75 x 75 cm,KW-PR-029-L,,,,continue,manual,250.00,,TRUE,TRUE,,,,,,,,kg,,,,,
magnolia-fine-art-print,Magnolia,"<p>A celebration of the magnolia's generous, sculptural bloom.</p><p>Created from Kylie Washington's original artwork, each fine art print captures the colour, texture and expressive energy of the original work. Printed in Australia on museum-grade fine art paper using archival inks, these high-quality prints are designed to retain their depth and vibrancy for years to come.</p><ul><li>Limited edition</li><li>Museum-grade fine art paper, archival inks</li><li>Square print: 40 x 40 cm, 50 x 50 cm or 75 x 75 cm</li><li>Frame not included</li><li>Printed to order and usually dispatched within 14 days</li><li>Free shipping within Australia</li><li>Custom sizes available on request. Please enquire.</li></ul>",Kylie Washington,,Fine Art Print,"Fine Art Prints, Prints, Limited Edition, Shape: Square, Subject: Botanical",FALSE,Size,Small - 40 x 40 cm,KW-PR-030-S,,,,continue,manual,80.00,,TRUE,TRUE,,https://cdn.shopify.com/s/files/1/0711/2769/5411/files/magnolia-fine-art-print.jpg,1,"Magnolia, fine art print by Kylie Washington",FALSE,Magnolia | Limited Edition Fine Art Print by Kylie Washington,"Magnolia, a limited edition fine art print by Australian artist Kylie Washington. Archival inks on museum-grade paper. Free shipping in Australia.",kg,draft,2026,Archival inks on museum-grade fine art paper,40 x 40 cm / 50 x 50 cm / 75 x 75 cm,Unframed
magnolia-fine-art-print,,,,,,,,Size,Medium - 50 x 50 cm,KW-PR-030-M,,,,continue,manual,120.00,,TRUE,TRUE,,,,,,,,kg,,,,,
magnolia-fine-art-print,,,,,,,,Size,Large - 75 x 75 cm,KW-PR-030-L,,,,continue,manual,250.00,,TRUE,TRUE,,,,,,,,kg,,,,,
light-touch-lily-fine-art-print,Light Touch Lily,"<p>The lily rendered with a light touch: delicate, graceful and luminous.</p><p>Created from Kylie Washington's original artwork, each fine art print captures the colour, texture and expressive energy of the original work. Printed in Australia on museum-grade fine art paper using archival inks, these high-quality prints are designed to retain their depth and vibrancy for years to come.</p><ul><li>Limited edition</li><li>Museum-grade fine art paper, archival inks</li><li>Printed to standard A4, A3 or A2 paper sizes</li><li>Frame not included</li><li>Printed to order and usually dispatched within 14 days</li><li>Free shipping within Australia</li><li>Custom sizes available on request. Please enquire.</li></ul>",Kylie Washington,,Fine Art Print,"Fine Art Prints, Prints, Limited Edition, Shape: Rectangle, Subject: Botanical",FALSE,Size,A4 - 21 x 29.7 cm,KW-PR-031-A4,,,,continue,manual,80.00,,TRUE,TRUE,,https://cdn.shopify.com/s/files/1/0711/2769/5411/files/light-touch-lily-fine-art-print.jpg,1,"Light Touch Lily, fine art print by Kylie Washington",FALSE,Light Touch Lily | Limited Edition Fine Art Print by Kylie Washington,"Light Touch Lily, a limited edition fine art print by Australian artist Kylie Washington. Archival inks on museum-grade paper. Free shipping in Australia.",kg,draft,2026,Archival inks on museum-grade fine art paper,A4 / A3 / A2,Unframed
light-touch-lily-fine-art-print,,,,,,,,Size,A3 - 29.7 x 42 cm,KW-PR-031-A3,,,,continue,manual,120.00,,TRUE,TRUE,,,,,,,,kg,,,,,
light-touch-lily-fine-art-print,,,,,,,,Size,A2 - 42 x 59.4 cm,KW-PR-031-A2,,,,continue,manual,250.00,,TRUE,TRUE,,,,,,,,kg,,,,,
home-is-where-the-heart-is-fine-art-print,Home Is Where The Heart Is,"<p>A warm work about belonging, and the places and people that make a home.</p><p>Created from Kylie Washington's original artwork, each fine art print captures the colour, texture and expressive energy of the original work. Printed in Australia on museum-grade fine art paper using archival inks, these high-quality prints are designed to retain their depth and vibrancy for years to come.</p><ul><li>Limited edition</li><li>Museum-grade fine art paper, archival inks</li><li>Square print: 40 x 40 cm, 50 x 50 cm or 75 x 75 cm</li><li>Frame not included</li><li>Printed to order and usually dispatched within 14 days</li><li>Free shipping within Australia</li><li>Custom sizes available on request. Please enquire.</li></ul>",Kylie Washington,,Fine Art Print,"Fine Art Prints, Prints, Limited Edition, Shape: Square",FALSE,Size,Small - 40 x 40 cm,KW-PR-032-S,,,,continue,manual,80.00,,TRUE,TRUE,,https://cdn.shopify.com/s/files/1/0711/2769/5411/files/home-is-where-the-heart-is-fine-art-print.jpg,1,"Home Is Where The Heart Is, fine art print by Kylie Washington",FALSE,Home Is Where The Heart Is | Limited Edition Fine Art Print by Kylie Washington,"Home Is Where The Heart Is, a limited edition fine art print by Australian artist Kylie Washington. Archival inks on museum-grade paper. Free shipping in Australia.",kg,draft,2026,Archival inks on museum-grade fine art paper,40 x 40 cm / 50 x 50 cm / 75 x 75 cm,Unframed
home-is-where-the-heart-is-fine-art-print,,,,,,,,Size,Medium - 50 x 50 cm,KW-PR-032-M,,,,continue,manual,120.00,,TRUE,TRUE,,,,,,,,kg,,,,,
home-is-where-the-heart-is-fine-art-print,,,,,,,,Size,Large - 75 x 75 cm,KW-PR-032-L,,,,continue,manual,250.00,,TRUE,TRUE,,,,,,,,kg,,,,,
gummy-bear-fine-art-print,Gummy Bear,"<p>A playful take on the Australian gum, full of humour.</p><p>Created from Kylie Washington's original artwork, each fine art print captures the colour, texture and expressive energy of the original work. Printed in Australia on museum-grade fine art paper using archival inks, these high-quality prints are designed to retain their depth and vibrancy for years to come.</p><ul><li>Limited edition</li><li>Museum-grade fine art paper, archival inks</li><li>Printed to standard A4, A3 or A2 paper sizes</li><li>Frame not included</li><li>Printed to order and usually dispatched within 14 days</li><li>Free shipping within Australia</li><li>Custom sizes available on request. Please enquire.</li></ul>",Kylie Washington,,Fine Art Print,"Fine Art Prints, Prints, Limited Edition, Shape: Rectangle, Subject: Eucalyptus, Subject: Australian Flora",FALSE,Size,A4 - 21 x 29.7 cm,KW-PR-033-A4,,,,continue,manual,80.00,,TRUE,TRUE,,https://cdn.shopify.com/s/files/1/0711/2769/5411/files/gummy-bear-fine-art-print.jpg,1,"Gummy Bear, fine art print by Kylie Washington",FALSE,Gummy Bear | Limited Edition Fine Art Print by Kylie Washington,"Gummy Bear, a limited edition fine art print by Australian artist Kylie Washington. Archival inks on museum-grade paper. Free shipping in Australia.",kg,draft,2026,Archival inks on museum-grade fine art paper,A4 / A3 / A2,Unframed
gummy-bear-fine-art-print,,,,,,,,Size,A3 - 29.7 x 42 cm,KW-PR-033-A3,,,,continue,manual,120.00,,TRUE,TRUE,,,,,,,,kg,,,,,
gummy-bear-fine-art-print,,,,,,,,Size,A2 - 42 x 59.4 cm,KW-PR-033-A2,,,,continue,manual,250.00,,TRUE,TRUE,,,,,,,,kg,,,,,
glory-fingers-fine-art-print,Glory Fingers,"<p>A lively botanical work with a playful title and a sense of reaching, upward growth.</p><p>Created from Kylie Washington's original artwork, each fine art print captures the colour, texture and expressive energy of the original work. Printed in Australia on museum-grade fine art paper using archival inks, these high-quality prints are designed to retain their depth and vibrancy for years to come.</p><ul><li>Limited edition</li><li>Museum-grade fine art paper, archival inks</li><li>Square print: 40 x 40 cm, 50 x 50 cm or 75 x 75 cm</li><li>Frame not included</li><li>Printed to order and usually dispatched within 14 days</li><li>Free shipping within Australia</li><li>Custom sizes available on request. Please enquire.</li></ul>",Kylie Washington,,Fine Art Print,"Fine Art Prints, Prints, Limited Edition, Shape: Square, Subject: Botanical",FALSE,Size,Small - 40 x 40 cm,KW-PR-034-S,,,,continue,manual,80.00,,TRUE,TRUE,,https://cdn.shopify.com/s/files/1/0711/2769/5411/files/glory-fingers-fine-art-print.jpg,1,"Glory Fingers, fine art print by Kylie Washington",FALSE,Glory Fingers | Limited Edition Fine Art Print by Kylie Washington,"Glory Fingers, a limited edition fine art print by Australian artist Kylie Washington. Archival inks on museum-grade paper. Free shipping in Australia.",kg,draft,2026,Archival inks on museum-grade fine art paper,40 x 40 cm / 50 x 50 cm / 75 x 75 cm,Unframed
glory-fingers-fine-art-print,,,,,,,,Size,Medium - 50 x 50 cm,KW-PR-034-M,,,,continue,manual,120.00,,TRUE,TRUE,,,,,,,,kg,,,,,
glory-fingers-fine-art-print,,,,,,,,Size,Large - 75 x 75 cm,KW-PR-034-L,,,,continue,manual,250.00,,TRUE,TRUE,,,,,,,,kg,,,,,
from-the-darkness-comes-light-fine-art-print,From The Darkness Comes Light,"<p>A work about hope and renewal: the light that follows darkness, just as the bush regenerates after fire.</p><p>Created from Kylie Washington's original artwork, each fine art print captures the colour, texture and expressive energy of the original work. Printed in Australia on museum-grade fine art paper using archival inks, these high-quality prints are designed to retain their depth and vibrancy for years to come.</p><ul><li>Limited edition</li><li>Museum-grade fine art paper, archival inks</li><li>Printed to standard A4, A3 or A2 paper sizes</li><li>Frame not included</li><li>Printed to order and usually dispatched within 14 days</li><li>Free shipping within Australia</li><li>Custom sizes available on request. Please enquire.</li></ul>",Kylie Washington,,Fine Art Print,"Fine Art Prints, Prints, Limited Edition, Shape: Rectangle",FALSE,Size,A4 - 21 x 29.7 cm,KW-PR-035-A4,,,,continue,manual,80.00,,TRUE,TRUE,,https://cdn.shopify.com/s/files/1/0711/2769/5411/files/from-the-darkness-comes-light-fine-art-print.jpg,1,"From The Darkness Comes Light, fine art print by Kylie Washington",FALSE,From The Darkness Comes Light | Limited Edition Fine Art Print by Kylie Washington,"From The Darkness Comes Light, a limited edition fine art print by Australian artist Kylie Washington. Archival inks on museum-grade paper. Free shipping in Australia.",kg,draft,2026,Archival inks on museum-grade fine art paper,A4 / A3 / A2,Unframed
from-the-darkness-comes-light-fine-art-print,,,,,,,,Size,A3 - 29.7 x 42 cm,KW-PR-035-A3,,,,continue,manual,120.00,,TRUE,TRUE,,,,,,,,kg,,,,,
from-the-darkness-comes-light-fine-art-print,,,,,,,,Size,A2 - 42 x 59.4 cm,KW-PR-035-A2,,,,continue,manual,250.00,,TRUE,TRUE,,,,,,,,kg,,,,,
everyone-loves-limes-fine-art-print,Everyone Loves Limes,"<p>A zesty, cheerful celebration of the lime, a companion to Everyone Loves Lemons.</p><p>Created from Kylie Washington's original artwork, each fine art print captures the colour, texture and expressive energy of the original work. Printed in Australia on museum-grade fine art paper using archival inks, these high-quality prints are designed to retain their depth and vibrancy for years to come.</p><ul><li>Limited edition</li><li>Museum-grade fine art paper, archival inks</li><li>Printed to standard A4, A3 or A2 paper sizes</li><li>Frame not included</li><li>Printed to order and usually dispatched within 14 days</li><li>Free shipping within Australia</li><li>Custom sizes available on request. Please enquire.</li></ul>",Kylie Washington,,Fine Art Print,"Fine Art Prints, Prints, Limited Edition, Shape: Rectangle, Subject: Fruit, Colour: Green",FALSE,Size,A4 - 21 x 29.7 cm,KW-PR-036-A4,,,,continue,manual,80.00,,TRUE,TRUE,,https://cdn.shopify.com/s/files/1/0711/2769/5411/files/everyone-loves-limes-fine-art-print.jpg,1,"Everyone Loves Limes, fine art print by Kylie Washington",FALSE,Everyone Loves Limes | Limited Edition Fine Art Print by Kylie Washington,"Everyone Loves Limes, a limited edition fine art print by Australian artist Kylie Washington. Archival inks on museum-grade paper. Free shipping in Australia.",kg,draft,2026,Archival inks on museum-grade fine art paper,A4 / A3 / A2,Unframed
everyone-loves-limes-fine-art-print,,,,,,,,Size,A3 - 29.7 x 42 cm,KW-PR-036-A3,,,,continue,manual,120.00,,TRUE,TRUE,,,,,,,,kg,,,,,
everyone-loves-limes-fine-art-print,,,,,,,,Size,A2 - 42 x 59.4 cm,KW-PR-036-A2,,,,continue,manual,250.00,,TRUE,TRUE,,,,,,,,kg,,,,,
everyone-loves-lemons-fine-art-print,Everyone Loves Lemons,"<p>A bright, sunny celebration of the lemon, a favourite from backyard trees across Australia.</p><p>Created from Kylie Washington's original artwork, each fine art print captures the colour, texture and expressive energy of the original work. Printed in Australia on museum-grade fine art paper using archival inks, these high-quality prints are designed to retain their depth and vibrancy for years to come.</p><ul><li>Limited edition</li><li>Museum-grade fine art paper, archival inks</li><li>Printed to standard A4, A3 or A2 paper sizes</li><li>Frame not included</li><li>Printed to order and usually dispatched within 14 days</li><li>Free shipping within Australia</li><li>Custom sizes available on request. Please enquire.</li></ul>",Kylie Washington,,Fine Art Print,"Fine Art Prints, Prints, Limited Edition, Shape: Rectangle, Subject: Fruit, Colour: Yellow",FALSE,Size,A4 - 21 x 29.7 cm,KW-PR-037-A4,,,,continue,manual,80.00,,TRUE,TRUE,,https://cdn.shopify.com/s/files/1/0711/2769/5411/files/everyone-loves-lemons-fine-art-print.jpg,1,"Everyone Loves Lemons, fine art print by Kylie Washington",FALSE,Everyone Loves Lemons | Limited Edition Fine Art Print by Kylie Washington,"Everyone Loves Lemons, a limited edition fine art print by Australian artist Kylie Washington. Archival inks on museum-grade paper. Free shipping in Australia.",kg,draft,2026,Archival inks on museum-grade fine art paper,A4 / A3 / A2,Unframed
everyone-loves-lemons-fine-art-print,,,,,,,,Size,A3 - 29.7 x 42 cm,KW-PR-037-A3,,,,continue,manual,120.00,,TRUE,TRUE,,,,,,,,kg,,,,,
everyone-loves-lemons-fine-art-print,,,,,,,,Size,A2 - 42 x 59.4 cm,KW-PR-037-A2,,,,continue,manual,250.00,,TRUE,TRUE,,,,,,,,kg,,,,,
centre-point-fine-art-print,Centre Point,"<p>A work about focus and balance that draws the eye to its centre.</p><p>Created from Kylie Washington's original artwork, each fine art print captures the colour, texture and expressive energy of the original work. Printed in Australia on museum-grade fine art paper using archival inks, these high-quality prints are designed to retain their depth and vibrancy for years to come.</p><ul><li>Limited edition</li><li>Museum-grade fine art paper, archival inks</li><li>Square print: 40 x 40 cm, 50 x 50 cm or 75 x 75 cm</li><li>Frame not included</li><li>Printed to order and usually dispatched within 14 days</li><li>Free shipping within Australia</li><li>Custom sizes available on request. Please enquire.</li></ul>",Kylie Washington,,Fine Art Print,"Fine Art Prints, Prints, Limited Edition, Shape: Square",FALSE,Size,Small - 40 x 40 cm,KW-PR-038-S,,,,continue,manual,80.00,,TRUE,TRUE,,https://cdn.shopify.com/s/files/1/0711/2769/5411/files/centre-point-fine-art-print.jpg,1,"Centre Point, fine art print by Kylie Washington",FALSE,Centre Point | Limited Edition Fine Art Print by Kylie Washington,"Centre Point, a limited edition fine art print by Australian artist Kylie Washington. Archival inks on museum-grade paper. Free shipping in Australia.",kg,draft,2026,Archival inks on museum-grade fine art paper,40 x 40 cm / 50 x 50 cm / 75 x 75 cm,Unframed
centre-point-fine-art-print,,,,,,,,Size,Medium - 50 x 50 cm,KW-PR-038-M,,,,continue,manual,120.00,,TRUE,TRUE,,,,,,,,kg,,,,,
centre-point-fine-art-print,,,,,,,,Size,Large - 75 x 75 cm,KW-PR-038-L,,,,continue,manual,250.00,,TRUE,TRUE,,,,,,,,kg,,,,,
pining-fine-art-print,Pining,"<p>A work about longing, with a title that plays on the feeling of missing someone.</p><p>Created from Kylie Washington's original artwork, each fine art print captures the colour, texture and expressive energy of the original work. Printed in Australia on museum-grade fine art paper using archival inks, these high-quality prints are designed to retain their depth and vibrancy for years to come.</p><ul><li>Limited edition</li><li>Museum-grade fine art paper, archival inks</li><li>Square print: 40 x 40 cm, 50 x 50 cm or 75 x 75 cm</li><li>Frame not included</li><li>Printed to order and usually dispatched within 14 days</li><li>Free shipping within Australia</li><li>Custom sizes available on request. Please enquire.</li></ul>",Kylie Washington,,Fine Art Print,"Fine Art Prints, Prints, Limited Edition, Shape: Square",FALSE,Size,Small - 40 x 40 cm,KW-PR-039-S,,,,continue,manual,80.00,,TRUE,TRUE,,https://cdn.shopify.com/s/files/1/0711/2769/5411/files/pining-fine-art-print.jpg,1,"Pining, fine art print by Kylie Washington",FALSE,Pining | Limited Edition Fine Art Print by Kylie Washington,"Pining, a limited edition fine art print by Australian artist Kylie Washington. Archival inks on museum-grade paper. Free shipping in Australia.",kg,draft,2026,Archival inks on museum-grade fine art paper,40 x 40 cm / 50 x 50 cm / 75 x 75 cm,Unframed
pining-fine-art-print,,,,,,,,Size,Medium - 50 x 50 cm,KW-PR-039-M,,,,continue,manual,120.00,,TRUE,TRUE,,,,,,,,kg,,,,,
pining-fine-art-print,,,,,,,,Size,Large - 75 x 75 cm,KW-PR-039-L,,,,continue,manual,250.00,,TRUE,TRUE,,,,,,,,kg,,,,,
noose-around-her-neck-fine-art-print,Noose Around Her Neck,"<p>A powerful, emotionally charged work exploring pressure, constraint and resilience.</p><p>Created from Kylie Washington's original artwork, each fine art print captures the colour, texture and expressive energy of the original work. Printed in Australia on museum-grade fine art paper using archival inks, these high-quality prints are designed to retain their depth and vibrancy for years to come.</p><ul><li>Limited edition</li><li>Museum-grade fine art paper, archival inks</li><li>Square print: 40 x 40 cm, 50 x 50 cm or 75 x 75 cm</li><li>Frame not included</li><li>Printed to order and usually dispatched within 14 days</li><li>Free shipping within Australia</li><li>Custom sizes available on request. Please enquire.</li></ul>",Kylie Washington,,Fine Art Print,"Fine Art Prints, Prints, Limited Edition, Shape: Square",FALSE,Size,Small - 40 x 40 cm,KW-PR-040-S,,,,continue,manual,80.00,,TRUE,TRUE,,https://cdn.shopify.com/s/files/1/0711/2769/5411/files/noose-around-her-neck-fine-art-print.jpg,1,"Noose Around Her Neck, fine art print by Kylie Washington",FALSE,Noose Around Her Neck | Limited Edition Fine Art Print by Kylie Washington,"Noose Around Her Neck, a limited edition fine art print by Australian artist Kylie Washington. Archival inks on museum-grade paper. Free shipping in Australia.",kg,draft,2026,Archival inks on museum-grade fine art paper,40 x 40 cm / 50 x 50 cm / 75 x 75 cm,Unframed
noose-around-her-neck-fine-art-print,,,,,,,,Size,Medium - 50 x 50 cm,KW-PR-040-M,,,,continue,manual,120.00,,TRUE,TRUE,,,,,,,,kg,,,,,
noose-around-her-neck-fine-art-print,,,,,,,,Size,Large - 75 x 75 cm,KW-PR-040-L,,,,continue,manual,250.00,,TRUE,TRUE,,,,,,,,kg,,,,,
moonlight-banksia-fine-art-print,Moonlight Banksia,"<p>The banksia under moonlight, a nocturnal view of the plant at the heart of Kylie's practice.</p><p>Created from Kylie Washington's original artwork, each fine art print captures the colour, texture and expressive energy of the original work. Printed in Australia on museum-grade fine art paper using archival inks, these high-quality prints are designed to retain their depth and vibrancy for years to come.</p><ul><li>Limited edition</li><li>Museum-grade fine art paper, archival inks</li><li>Printed to standard A4, A3 or A2 paper sizes</li><li>Frame not included</li><li>Printed to order and usually dispatched within 14 days</li><li>Free shipping within Australia</li><li>Custom sizes available on request. Please enquire.</li></ul>",Kylie Washington,,Fine Art Print,"Fine Art Prints, Prints, Limited Edition, Shape: Rectangle, Subject: Banksia, Subject: Australian Flora",FALSE,Size,A4 - 21 x 29.7 cm,KW-PR-041-A4,,,,continue,manual,80.00,,TRUE,TRUE,,https://cdn.shopify.com/s/files/1/0711/2769/5411/files/moonlight-banksia-fine-art-print.jpg,1,"Moonlight Banksia, fine art print by Kylie Washington",FALSE,Moonlight Banksia | Limited Edition Fine Art Print by Kylie Washington,"Moonlight Banksia, a limited edition fine art print by Australian artist Kylie Washington. Archival inks on museum-grade paper. Free shipping in Australia.",kg,draft,2026,Archival inks on museum-grade fine art paper,A4 / A3 / A2,Unframed
moonlight-banksia-fine-art-print,,,,,,,,Size,A3 - 29.7 x 42 cm,KW-PR-041-A3,,,,continue,manual,120.00,,TRUE,TRUE,,,,,,,,kg,,,,,
moonlight-banksia-fine-art-print,,,,,,,,Size,A2 - 42 x 59.4 cm,KW-PR-041-A2,,,,continue,manual,250.00,,TRUE,TRUE,,,,,,,,kg,,,,,
orchid-fine-art-print,Orchid,"<p>An elegant celebration of the orchid, delicate yet surprisingly resilient.</p><p>Created from Kylie Washington's original artwork, each fine art print captures the colour, texture and expressive energy of the original work. Printed in Australia on museum-grade fine art paper using archival inks, these high-quality prints are designed to retain their depth and vibrancy for years to come.</p><ul><li>Limited edition</li><li>Museum-grade fine art paper, archival inks</li><li>Square print: 40 x 40 cm, 50 x 50 cm or 75 x 75 cm</li><li>Frame not included</li><li>Printed to order and usually dispatched within 14 days</li><li>Free shipping within Australia</li><li>Custom sizes available on request. Please enquire.</li></ul>",Kylie Washington,,Fine Art Print,"Fine Art Prints, Prints, Limited Edition, Shape: Square, Subject: Orchid, Subject: Botanical",FALSE,Size,Small - 40 x 40 cm,KW-PR-042-S,,,,continue,manual,80.00,,TRUE,TRUE,,,,,FALSE,Orchid | Limited Edition Fine Art Print by Kylie Washington,"Orchid, a limited edition fine art print by Australian artist Kylie Washington. Archival inks on museum-grade paper. Free shipping in Australia.",kg,draft,2026,Archival inks on museum-grade fine art paper,40 x 40 cm / 50 x 50 cm / 75 x 75 cm,Unframed
orchid-fine-art-print,,,,,,,,Size,Medium - 50 x 50 cm,KW-PR-042-M,,,,continue,manual,120.00,,TRUE,TRUE,,,,,,,,kg,,,,,
orchid-fine-art-print,,,,,,,,Size,Large - 75 x 75 cm,KW-PR-042-L,,,,continue,manual,250.00,,TRUE,TRUE,,,,,,,,kg,,,,,
blushing-fine-art-print,Blushing,"<p>A soft, tender work in blushing tones.</p><p>Created from Kylie Washington's original artwork, each fine art print captures the colour, texture and expressive energy of the original work. Printed in Australia on museum-grade fine art paper using archival inks, these high-quality prints are designed to retain their depth and vibrancy for years to come.</p><ul><li>Limited edition</li><li>Museum-grade fine art paper, archival inks</li><li>Square print: 40 x 40 cm, 50 x 50 cm or 75 x 75 cm</li><li>Frame not included</li><li>Printed to order and usually dispatched within 14 days</li><li>Free shipping within Australia</li><li>Custom sizes available on request. Please enquire.</li></ul>",Kylie Washington,,Fine Art Print,"Fine Art Prints, Prints, Limited Edition, Shape: Square, Colour: Pink",FALSE,Size,Small - 40 x 40 cm,KW-PR-043-S,,,,continue,manual,80.00,,TRUE,TRUE,,https://cdn.shopify.com/s/files/1/0711/2769/5411/files/blushing-fine-art-print.jpg,1,"Blushing, fine art print by Kylie Washington",FALSE,Blushing | Limited Edition Fine Art Print by Kylie Washington,"Blushing, a limited edition fine art print by Australian artist Kylie Washington. Archival inks on museum-grade paper. Free shipping in Australia.",kg,draft,2026,Archival inks on museum-grade fine art paper,40 x 40 cm / 50 x 50 cm / 75 x 75 cm,Unframed
blushing-fine-art-print,,,,,,,,Size,Medium - 50 x 50 cm,KW-PR-043-M,,,,continue,manual,120.00,,TRUE,TRUE,,,,,,,,kg,,,,,
blushing-fine-art-print,,,,,,,,Size,Large - 75 x 75 cm,KW-PR-043-L,,,,continue,manual,250.00,,TRUE,TRUE,,,,,,,,kg,,,,,
not-how-i-was-feeling-fine-art-print,Not How I Was Feeling,"<p>An honest, emotional work about the gap between how things look and how we feel.</p><p>Created from Kylie Washington's original artwork, each fine art print captures the colour, texture and expressive energy of the original work. Printed in Australia on museum-grade fine art paper using archival inks, these high-quality prints are designed to retain their depth and vibrancy for years to come.</p><ul><li>Limited edition</li><li>Museum-grade fine art paper, archival inks</li><li>Square print: 40 x 40 cm, 50 x 50 cm or 75 x 75 cm</li><li>Frame not included</li><li>Printed to order and usually dispatched within 14 days</li><li>Free shipping within Australia</li><li>Custom sizes available on request. Please enquire.</li></ul>",Kylie Washington,,Fine Art Print,"Fine Art Prints, Prints, Limited Edition, Shape: Square",FALSE,Size,Small - 40 x 40 cm,KW-PR-044-S,,,,continue,manual,80.00,,TRUE,TRUE,,https://cdn.shopify.com/s/files/1/0711/2769/5411/files/not-how-i-was-feeling-fine-art-print.jpg,1,"Not How I Was Feeling, fine art print by Kylie Washington",FALSE,Not How I Was Feeling | Limited Edition Fine Art Print by Kylie Washington,"Not How I Was Feeling, a limited edition fine art print by Australian artist Kylie Washington. Archival inks on museum-grade paper. Free shipping in Australia.",kg,draft,2026,Archival inks on museum-grade fine art paper,40 x 40 cm / 50 x 50 cm / 75 x 75 cm,Unframed
not-how-i-was-feeling-fine-art-print,,,,,,,,Size,Medium - 50 x 50 cm,KW-PR-044-M,,,,continue,manual,120.00,,TRUE,TRUE,,,,,,,,kg,,,,,
not-how-i-was-feeling-fine-art-print,,,,,,,,Size,Large - 75 x 75 cm,KW-PR-044-L,,,,continue,manual,250.00,,TRUE,TRUE,,,,,,,,kg,,,,,
spinning-me-around-fine-art-print,Spinning Me Around,"<p>A work full of movement and energy, about the people and moments that turn our world around.</p><p>Created from Kylie Washington's original artwork, each fine art print captures the colour, texture and expressive energy of the original work. Printed in Australia on museum-grade fine art paper using archival inks, these high-quality prints are designed to retain their depth and vibrancy for years to come.</p><ul><li>Limited edition</li><li>Museum-grade fine art paper, archival inks</li><li>Printed to standard A4, A3 or A2 paper sizes</li><li>Frame not included</li><li>Printed to order and usually dispatched within 14 days</li><li>Free shipping within Australia</li><li>Custom sizes available on request. Please enquire.</li></ul>",Kylie Washington,,Fine Art Print,"Fine Art Prints, Prints, Limited Edition, Shape: Rectangle",FALSE,Size,A4 - 21 x 29.7 cm,KW-PR-045-A4,,,,continue,manual,80.00,,TRUE,TRUE,,https://cdn.shopify.com/s/files/1/0711/2769/5411/files/spinning-me-around-fine-art-print.jpg,1,"Spinning Me Around, fine art print by Kylie Washington",FALSE,Spinning Me Around | Limited Edition Fine Art Print by Kylie Washington,"Spinning Me Around, a limited edition fine art print by Australian artist Kylie Washington. Archival inks on museum-grade paper. Free shipping in Australia.",kg,draft,2026,Archival inks on museum-grade fine art paper,A4 / A3 / A2,Unframed
spinning-me-around-fine-art-print,,,,,,,,Size,A3 - 29.7 x 42 cm,KW-PR-045-A3,,,,continue,manual,120.00,,TRUE,TRUE,,,,,,,,kg,,,,,
spinning-me-around-fine-art-print,,,,,,,,Size,A2 - 42 x 59.4 cm,KW-PR-045-A2,,,,continue,manual,250.00,,TRUE,TRUE,,,,,,,,kg,,,,,
